Workbook

Sheet How to Use
B2: CSE 219 (Ashraf Sir part) — TF Practice Tracker
B3: Every Ashraf-part question in CSE 219 All Merged Questions.pdf (22-batch and EEE pages as written in TF Page), mapped to the note file and lesson that teaches it.
B5: Workflow — after you finish a note file
B6: 1. Open its tab | C6: Tabs 1–5 follow the order of your note files. Q No. runs lesson by lesson, newest year first inside each lesson.
B7: 2. Filter | C7: Use the filter arrow on Priority → ★★★ High first (2019-20 onward). Then ★★ Medium, then ★ Low.
B8: 3. Solve | C8: Open CSE 219 All Merged Questions.pdf (22-batch and EEE pages as written in TF Page) at the TF Page shown. Solve on paper under exam time (≈1.5 min per mark). Do not read the note solution first.
B9: 4. Check | C9: In Notes tells you what the note has: ✔ Solved = same question worked out; ◐ Method = method / model answer you can apply; ○ Partly = notes cover most of it, finish the rest yourself.
B10: 5. Record | C10: Tick Done, pick Confidence, add the Date. Write mistakes in My Notes. Re-solve every 'Weak' row before the exam.
B11: 6. Repeats | C11: 'Same Type Also In' lists other papers with the same question type. Solve one, then try a repeat cold — that is the real test.
B13: Columns you edit (all others are fixed data)
B14: Done (col N) | C14: TRUE / FALSE. In Google Sheets: select N4 downward → Insert → Checkbox. The values stay; ticking turns the row green.
B15: Confidence (col O) | C15: Dropdown: Weak / OK / Strong. Weak rows turn the cell red.
B16: Date (col P) | C16: Date you solved it, e.g. 16-Oct-2026.
B17: My Notes (col Q) | C17: Mistakes, missing steps, formula you forgot.
B19: Legend
B20: ★★★ High | C20: Asked in 2019-20 or later (most important — current question style).
B21: ★★ Medium | C21: Older paper, but the same question type appears at least twice in TF.
B22: ★ Low | C22: Older paper, asked once.
B23: Type | C23: Numerical = calculation · Trace = tables / step-by-step simulation · Design = construct / draw · Proof = prove / disprove · Theory = explain.
B24: Course | C24: CSE 219 = current course; EEE 211 / EEE 301 = predecessor course (same content, TF Page = 'EEE p.N' in EEE 211 - TF Questions 2023-24 to 2010-11.pdf); CSE 311 = Data Communication papers in the merged PDF (only their signals/Fourier/sampling parts are listed).
B25: Topic | C25: Note lesson title — slide PDF and slide numbers.
B26: Outside Notes tab | C26: Ashraf-section questions from older papers on topics not in the current slides. Check with your teacher before spending time on them.

Sheet Dashboard
A1: Progress Dashboard
A2: Updates automatically when you tick Done / set Confidence in tabs 1–5.
A4: # | B4: Note file (tab) | C4: Questions | D4: Done | E4: % Done | F4: Marks (total) | G4: Marks done | H4: High-priority left | I4: Weak | J4: Next unsolved (top of tab)
A5: 1 | B5: 1 DTFT + DFT | C5: =COUNTA('1 DTFT + DFT'!$E$4:$E$4) | D5: =COUNTIF('1 DTFT + DFT'!$N$4:$N$4,TRUE()) | E5: =IF(C5=0,0,D5/C5) | F5: =SUM('1 DTFT + DFT'!$H$4:$H$4) | G5: =SUMIF('1 DTFT + DFT'!$N$4:$N$4,TRUE(),'1 DTFT + DFT'!$H$4:$H$4) | H5: =COUNTIFS('1 DTFT + DFT'!$J$4:$J$4,"★★★ High",'1 DTFT + DFT'!$N$4:$N$4,FALSE()) | I5: =COUNTIF('1 DTFT + DFT'!$O$4:$O$4,"Weak") | J5: =IFERROR("Q"&INDEX('1 DTFT + DFT'!$A$4:$A$4,MATCH(FALSE(),'1 DTFT + DFT'!$N$4:$N$4,0))&" · "&INDEX('1 DTFT + DFT'!$B$4:$B$4,MATCH(FALSE(),'1 DTFT + DFT'!$N$4:$N$4,0))&" "&INDEX('1 DTFT + DFT'!$D$4:$D$4,MATCH(FALSE(),'1 DTFT + DFT'!$N$4:$N$4,0))&" · TF p."&INDEX('1 DTFT + DFT'!$I$4:$I$4,MATCH(FALSE(),'1 DTFT + DFT'!$N$4:$N$4,0)),"All done ✔")
A6: 2 | B6: 2 FFT | C6: =COUNTA('2 FFT'!$E$4:$E$7) | D6: =COUNTIF('2 FFT'!$N$4:$N$7,TRUE()) | E6: =IF(C6=0,0,D6/C6) | F6: =SUM('2 FFT'!$H$4:$H$7) | G6: =SUMIF('2 FFT'!$N$4:$N$7,TRUE(),'2 FFT'!$H$4:$H$7) | H6: =COUNTIFS('2 FFT'!$J$4:$J$7,"★★★ High",'2 FFT'!$N$4:$N$7,FALSE()) | I6: =COUNTIF('2 FFT'!$O$4:$O$7,"Weak") | J6: =IFERROR("Q"&INDEX('2 FFT'!$A$4:$A$7,MATCH(FALSE(),'2 FFT'!$N$4:$N$7,0))&" · "&INDEX('2 FFT'!$B$4:$B$7,MATCH(FALSE(),'2 FFT'!$N$4:$N$7,0))&" "&INDEX('2 FFT'!$D$4:$D$7,MATCH(FALSE(),'2 FFT'!$N$4:$N$7,0))&" · TF p."&INDEX('2 FFT'!$I$4:$I$7,MATCH(FALSE(),'2 FFT'!$N$4:$N$7,0)),"All done ✔")
A7: 3 | B7: 3 Sampling | C7: =COUNTA('3 Sampling'!$E$4:$E$17) | D7: =COUNTIF('3 Sampling'!$N$4:$N$17,TRUE()) | E7: =IF(C7=0,0,D7/C7) | F7: =SUM('3 Sampling'!$H$4:$H$17) | G7: =SUMIF('3 Sampling'!$N$4:$N$17,TRUE(),'3 Sampling'!$H$4:$H$17) | H7: =COUNTIFS('3 Sampling'!$J$4:$J$17,"★★★ High",'3 Sampling'!$N$4:$N$17,FALSE()) | I7: =COUNTIF('3 Sampling'!$O$4:$O$17,"Weak") | J7: =IFERROR("Q"&INDEX('3 Sampling'!$A$4:$A$17,MATCH(FALSE(),'3 Sampling'!$N$4:$N$17,0))&" · "&INDEX('3 Sampling'!$B$4:$B$17,MATCH(FALSE(),'3 Sampling'!$N$4:$N$17,0))&" "&INDEX('3 Sampling'!$D$4:$D$17,MATCH(FALSE(),'3 Sampling'!$N$4:$N$17,0))&" · TF p."&INDEX('3 Sampling'!$I$4:$I$17,MATCH(FALSE(),'3 Sampling'!$N$4:$N$17,0)),"All done ✔")
A8: 4 | B8: 4 Laplace | C8: =COUNTA('4 Laplace'!$E$4:$E$28) | D8: =COUNTIF('4 Laplace'!$N$4:$N$28,TRUE()) | E8: =IF(C8=0,0,D8/C8) | F8: =SUM('4 Laplace'!$H$4:$H$28) | G8: =SUMIF('4 Laplace'!$N$4:$N$28,TRUE(),'4 Laplace'!$H$4:$H$28) | H8: =COUNTIFS('4 Laplace'!$J$4:$J$28,"★★★ High",'4 Laplace'!$N$4:$N$28,FALSE()) | I8: =COUNTIF('4 Laplace'!$O$4:$O$28,"Weak") | J8: =IFERROR("Q"&INDEX('4 Laplace'!$A$4:$A$28,MATCH(FALSE(),'4 Laplace'!$N$4:$N$28,0))&" · "&INDEX('4 Laplace'!$B$4:$B$28,MATCH(FALSE(),'4 Laplace'!$N$4:$N$28,0))&" "&INDEX('4 Laplace'!$D$4:$D$28,MATCH(FALSE(),'4 Laplace'!$N$4:$N$28,0))&" · TF p."&INDEX('4 Laplace'!$I$4:$I$28,MATCH(FALSE(),'4 Laplace'!$N$4:$N$28,0)),"All done ✔")
A9: 5 | B9: 5 z-Transform | C9: =COUNTA('5 z-Transform'!$E$4:$E$11) | D9: =COUNTIF('5 z-Transform'!$N$4:$N$11,TRUE()) | E9: =IF(C9=0,0,D9/C9) | F9: =SUM('5 z-Transform'!$H$4:$H$11) | G9: =SUMIF('5 z-Transform'!$N$4:$N$11,TRUE(),'5 z-Transform'!$H$4:$H$11) | H9: =COUNTIFS('5 z-Transform'!$J$4:$J$11,"★★★ High",'5 z-Transform'!$N$4:$N$11,FALSE()) | I9: =COUNTIF('5 z-Transform'!$O$4:$O$11,"Weak") | J9: =IFERROR("Q"&INDEX('5 z-Transform'!$A$4:$A$11,MATCH(FALSE(),'5 z-Transform'!$N$4:$N$11,0))&" · "&INDEX('5 z-Transform'!$B$4:$B$11,MATCH(FALSE(),'5 z-Transform'!$N$4:$N$11,0))&" "&INDEX('5 z-Transform'!$D$4:$D$11,MATCH(FALSE(),'5 z-Transform'!$N$4:$N$11,0))&" · TF p."&INDEX('5 z-Transform'!$I$4:$I$11,MATCH(FALSE(),'5 z-Transform'!$N$4:$N$11,0)),"All done ✔")
B10: TOTAL | C10: =SUM(C5:C9) | D10: =SUM(D5:D9) | E10: =IF(C10=0,0,D10/C10) | F10: =SUM(F5:F9) | G10: =SUM(G5:G9) | H10: =SUM(H5:H9) | I10: =SUM(I5:I9)
A12: Questions by year (tabs 1–5)
A13: # | B13: Year | C13: Questions | D13: Done | E13: % Done | F13: Marks (total)
A14: 1 | B14: 2023-24 | C14: =COUNTIF('1 DTFT + DFT'!$B$4:$B$4,$B14)+COUNTIF('2 FFT'!$B$4:$B$7,$B14)+COUNTIF('3 Sampling'!$B$4:$B$17,$B14)+COUNTIF('4 Laplace'!$B$4:$B$28,$B14)+COUNTIF('5 z-Transform'!$B$4:$B$11,$B14) | D14: =COUNTIFS('1 DTFT + DFT'!$B$4:$B$4,$B14,'1 DTFT + DFT'!$N$4:$N$4,TRUE())+COUNTIFS('2 FFT'!$B$4:$B$7,$B14,'2 FFT'!$N$4:$N$7,TRUE())+COUNTIFS('3 Sampling'!$B$4:$B$17,$B14,'3 Sampling'!$N$4:$N$17,TRUE())+COUNTIFS('4 Laplace'!$B$4:$B$28,$B14,'4 Laplace'!$N$4:$N$28,TRUE())+COUNTIFS('5 z-Transform'!$B$4:$B$11,$B14,'5 z-Transform'!$N$4:$N$11,TRUE()) | E14: =IF(C14=0,0,D14/C14) | F14: =SUMIF('1 DTFT + DFT'!$B$4:$B$4,$B14,'1 DTFT + DFT'!$H$4:$H$4)+SUMIF('2 FFT'!$B$4:$B$7,$B14,'2 FFT'!$H$4:$H$7)+SUMIF('3 Sampling'!$B$4:$B$17,$B14,'3 Sampling'!$H$4:$H$17)+SUMIF('4 Laplace'!$B$4:$B$28,$B14,'4 Laplace'!$H$4:$H$28)+SUMIF('5 z-Transform'!$B$4:$B$11,$B14,'5 z-Transform'!$H$4:$H$11)
A15: 2 | B15: 2022-23 | C15: =COUNTIF('1 DTFT + DFT'!$B$4:$B$4,$B15)+COUNTIF('2 FFT'!$B$4:$B$7,$B15)+COUNTIF('3 Sampling'!$B$4:$B$17,$B15)+COUNTIF('4 Laplace'!$B$4:$B$28,$B15)+COUNTIF('5 z-Transform'!$B$4:$B$11,$B15) | D15: =COUNTIFS('1 DTFT + DFT'!$B$4:$B$4,$B15,'1 DTFT + DFT'!$N$4:$N$4,TRUE())+COUNTIFS('2 FFT'!$B$4:$B$7,$B15,'2 FFT'!$N$4:$N$7,TRUE())+COUNTIFS('3 Sampling'!$B$4:$B$17,$B15,'3 Sampling'!$N$4:$N$17,TRUE())+COUNTIFS('4 Laplace'!$B$4:$B$28,$B15,'4 Laplace'!$N$4:$N$28,TRUE())+COUNTIFS('5 z-Transform'!$B$4:$B$11,$B15,'5 z-Transform'!$N$4:$N$11,TRUE()) | E15: =IF(C15=0,0,D15/C15) | F15: =SUMIF('1 DTFT + DFT'!$B$4:$B$4,$B15,'1 DTFT + DFT'!$H$4:$H$4)+SUMIF('2 FFT'!$B$4:$B$7,$B15,'2 FFT'!$H$4:$H$7)+SUMIF('3 Sampling'!$B$4:$B$17,$B15,'3 Sampling'!$H$4:$H$17)+SUMIF('4 Laplace'!$B$4:$B$28,$B15,'4 Laplace'!$H$4:$H$28)+SUMIF('5 z-Transform'!$B$4:$B$11,$B15,'5 z-Transform'!$H$4:$H$11)
A16: 3 | B16: 2021-22 | C16: =COUNTIF('1 DTFT + DFT'!$B$4:$B$4,$B16)+COUNTIF('2 FFT'!$B$4:$B$7,$B16)+COUNTIF('3 Sampling'!$B$4:$B$17,$B16)+COUNTIF('4 Laplace'!$B$4:$B$28,$B16)+COUNTIF('5 z-Transform'!$B$4:$B$11,$B16) | D16: =COUNTIFS('1 DTFT + DFT'!$B$4:$B$4,$B16,'1 DTFT + DFT'!$N$4:$N$4,TRUE())+COUNTIFS('2 FFT'!$B$4:$B$7,$B16,'2 FFT'!$N$4:$N$7,TRUE())+COUNTIFS('3 Sampling'!$B$4:$B$17,$B16,'3 Sampling'!$N$4:$N$17,TRUE())+COUNTIFS('4 Laplace'!$B$4:$B$28,$B16,'4 Laplace'!$N$4:$N$28,TRUE())+COUNTIFS('5 z-Transform'!$B$4:$B$11,$B16,'5 z-Transform'!$N$4:$N$11,TRUE()) | E16: =IF(C16=0,0,D16/C16) | F16: =SUMIF('1 DTFT + DFT'!$B$4:$B$4,$B16,'1 DTFT + DFT'!$H$4:$H$4)+SUMIF('2 FFT'!$B$4:$B$7,$B16,'2 FFT'!$H$4:$H$7)+SUMIF('3 Sampling'!$B$4:$B$17,$B16,'3 Sampling'!$H$4:$H$17)+SUMIF('4 Laplace'!$B$4:$B$28,$B16,'4 Laplace'!$H$4:$H$28)+SUMIF('5 z-Transform'!$B$4:$B$11,$B16,'5 z-Transform'!$H$4:$H$11)
A17: 4 | B17: 2020-21 | C17: =COUNTIF('1 DTFT + DFT'!$B$4:$B$4,$B17)+COUNTIF('2 FFT'!$B$4:$B$7,$B17)+COUNTIF('3 Sampling'!$B$4:$B$17,$B17)+COUNTIF('4 Laplace'!$B$4:$B$28,$B17)+COUNTIF('5 z-Transform'!$B$4:$B$11,$B17) | D17: =COUNTIFS('1 DTFT + DFT'!$B$4:$B$4,$B17,'1 DTFT + DFT'!$N$4:$N$4,TRUE())+COUNTIFS('2 FFT'!$B$4:$B$7,$B17,'2 FFT'!$N$4:$N$7,TRUE())+COUNTIFS('3 Sampling'!$B$4:$B$17,$B17,'3 Sampling'!$N$4:$N$17,TRUE())+COUNTIFS('4 Laplace'!$B$4:$B$28,$B17,'4 Laplace'!$N$4:$N$28,TRUE())+COUNTIFS('5 z-Transform'!$B$4:$B$11,$B17,'5 z-Transform'!$N$4:$N$11,TRUE()) | E17: =IF(C17=0,0,D17/C17) | F17: =SUMIF('1 DTFT + DFT'!$B$4:$B$4,$B17,'1 DTFT + DFT'!$H$4:$H$4)+SUMIF('2 FFT'!$B$4:$B$7,$B17,'2 FFT'!$H$4:$H$7)+SUMIF('3 Sampling'!$B$4:$B$17,$B17,'3 Sampling'!$H$4:$H$17)+SUMIF('4 Laplace'!$B$4:$B$28,$B17,'4 Laplace'!$H$4:$H$28)+SUMIF('5 z-Transform'!$B$4:$B$11,$B17,'5 z-Transform'!$H$4:$H$11)
A18: 5 | B18: 2019-20 | C18: =COUNTIF('1 DTFT + DFT'!$B$4:$B$4,$B18)+COUNTIF('2 FFT'!$B$4:$B$7,$B18)+COUNTIF('3 Sampling'!$B$4:$B$17,$B18)+COUNTIF('4 Laplace'!$B$4:$B$28,$B18)+COUNTIF('5 z-Transform'!$B$4:$B$11,$B18) | D18: =COUNTIFS('1 DTFT + DFT'!$B$4:$B$4,$B18,'1 DTFT + DFT'!$N$4:$N$4,TRUE())+COUNTIFS('2 FFT'!$B$4:$B$7,$B18,'2 FFT'!$N$4:$N$7,TRUE())+COUNTIFS('3 Sampling'!$B$4:$B$17,$B18,'3 Sampling'!$N$4:$N$17,TRUE())+COUNTIFS('4 Laplace'!$B$4:$B$28,$B18,'4 Laplace'!$N$4:$N$28,TRUE())+COUNTIFS('5 z-Transform'!$B$4:$B$11,$B18,'5 z-Transform'!$N$4:$N$11,TRUE()) | E18: =IF(C18=0,0,D18/C18) | F18: =SUMIF('1 DTFT + DFT'!$B$4:$B$4,$B18,'1 DTFT + DFT'!$H$4:$H$4)+SUMIF('2 FFT'!$B$4:$B$7,$B18,'2 FFT'!$H$4:$H$7)+SUMIF('3 Sampling'!$B$4:$B$17,$B18,'3 Sampling'!$H$4:$H$17)+SUMIF('4 Laplace'!$B$4:$B$28,$B18,'4 Laplace'!$H$4:$H$28)+SUMIF('5 z-Transform'!$B$4:$B$11,$B18,'5 z-Transform'!$H$4:$H$11)
A19: 6 | B19: 2018-19 | C19: =COUNTIF('1 DTFT + DFT'!$B$4:$B$4,$B19)+COUNTIF('2 FFT'!$B$4:$B$7,$B19)+COUNTIF('3 Sampling'!$B$4:$B$17,$B19)+COUNTIF('4 Laplace'!$B$4:$B$28,$B19)+COUNTIF('5 z-Transform'!$B$4:$B$11,$B19) | D19: =COUNTIFS('1 DTFT + DFT'!$B$4:$B$4,$B19,'1 DTFT + DFT'!$N$4:$N$4,TRUE())+COUNTIFS('2 FFT'!$B$4:$B$7,$B19,'2 FFT'!$N$4:$N$7,TRUE())+COUNTIFS('3 Sampling'!$B$4:$B$17,$B19,'3 Sampling'!$N$4:$N$17,TRUE())+COUNTIFS('4 Laplace'!$B$4:$B$28,$B19,'4 Laplace'!$N$4:$N$28,TRUE())+COUNTIFS('5 z-Transform'!$B$4:$B$11,$B19,'5 z-Transform'!$N$4:$N$11,TRUE()) | E19: =IF(C19=0,0,D19/C19) | F19: =SUMIF('1 DTFT + DFT'!$B$4:$B$4,$B19,'1 DTFT + DFT'!$H$4:$H$4)+SUMIF('2 FFT'!$B$4:$B$7,$B19,'2 FFT'!$H$4:$H$7)+SUMIF('3 Sampling'!$B$4:$B$17,$B19,'3 Sampling'!$H$4:$H$17)+SUMIF('4 Laplace'!$B$4:$B$28,$B19,'4 Laplace'!$H$4:$H$28)+SUMIF('5 z-Transform'!$B$4:$B$11,$B19,'5 z-Transform'!$H$4:$H$11)
B20: Shaded years = ★★★ High priority (2019-20 onward).
B21: 2023-24 CSE 219 pages are in 'CSE 219 (22 batch).pdf' (TF Page '22 batch p.N').
B22: Section split: Anik Sir = signals, LTI, Fourier series/transform; Ashraf Sir = DFT/FFT, sampling, Laplace, z.

Sheet 1 DTFT + DFT
A1: Lec 0–2 — DTFT, DFT, circular convolution
A2: Note file: CSE219_Ashraf_DTFT_DFT_Notes.docx · Solve after finishing the matching lesson. Filter Priority → ★★★ High first.
A3: Q No. | B3: Year | C3: Course | D3: Ques No. | E3: Short Question | F3: Topic (slide PDF · slides) | G3: Lesson | H3: Marks | I3: TF Page | J3: Priority | K3: Type | L3: In Notes | M3: Same Type Also In | N3: Done | O3: Confidence | P3: Date | Q3: My Notes
A4: 1 | B4: 2023-24 | C4: CSE 219 | D4: 5(b) | E4: Linear convolution of {1,2} and {1,1} using the DFT | F4: Circular convolution, DFT filtering — Lec 2, sl. 13–23 | G4: L4 | H4: 10 | I4: 22 batch p.3 | J4: ★★★ High | K4: Numerical | L4: ✔ Solved | M4: — | N4: FALSE

Sheet 2 FFT
A1: Lec 3–4 — Fast Fourier Transform
A2: Note file: CSE219_Ashraf_FFT_Notes.docx · Solve after finishing the matching lesson. Filter Priority → ★★★ High first.
A3: Q No. | B3: Year | C3: Course | D3: Ques No. | E3: Short Question | F3: Topic (slide PDF · slides) | G3: Lesson | H3: Marks | I3: TF Page | J3: Priority | K3: Type | L3: In Notes | M3: Same Type Also In | N3: Done | O3: Confidence | P3: Date | Q3: My Notes
A4: 1 | B4: 2023-24 | C4: CSE 219 | D4: 5(a) | E4: 8-point DFT of {1,2,3,4,3,2} by radix-2 DIT FFT with all butterflies | F4: Radix-2 DIT FFT — Lec 3, sl. 4–15 | G4: L5 | H4: 15 | I4: 22 batch p.3 | J4: ★★★ High | K4: Numerical | L4: ✔ Solved | M4: — | N4: FALSE
A5: 2 | B5: 2022-23 | C5: CSE 219 | D5: 4(c) | E5: Compare computational complexity of direct DFT and radix-2 FFT | F5: Radix-2 DIT FFT — Lec 3, sl. 4–15 | G5: L5 | H5: 15 | I5: 2 | J5: ★★★ High | K5: Theory | L5: ✔ Solved | M5: — | N5: FALSE
A6: 3 | B6: 2023-24 | C6: CSE 219 | D6: 7(a) | E6: 2×4 Cooley–Tukey (matrix) DFT of {1,2,3,4,9,0,7,8}, steps i–iii | F6: Matrix (Cooley–Tukey/Bailey) FFT — Lec 4, sl. 5–14 | G6: L7 | H6: 15 | I6: 22 batch p.4 | J6: ★★★ High | K6: Numerical | L6: ✔ Solved | M6: — | N6: FALSE
A7: 4 | B7: 2023-24 | C7: CSE 219 | D7: 7(b) | E7: Chirp-z (Bluestein) derivation; why padding M ≥ 2N−1 | F7: Fast convolution, Bluestein — Lec 4, sl. 16–22 | G7: L8 | H7: 10 | I7: 22 batch p.4 | J7: ★★★ High | K7: Derivation | L7: ✔ Solved | M7: — | N7: FALSE

Sheet 3 Sampling
A1: Lec 5 — Sampling and reconstruction
A2: Note file: CSE219_Ashraf_Sampling_Notes.docx · Solve after finishing the matching lesson. Filter Priority → ★★★ High first.
A3: Q No. | B3: Year | C3: Course | D3: Ques No. | E3: Short Question | F3: Topic (slide PDF · slides) | G3: Lesson | H3: Marks | I3: TF Page | J3: Priority | K3: Type | L3: In Notes | M3: Same Type Also In | N3: Done | O3: Confidence | P3: Date | Q3: My Notes
A4: 1 | B4: 2019-20 | C4: CSE 311 | D4: 3 | E4: FT of 2B sinc(2πBt) / B sinc²(πBt); spectrum when sampled at 1.5× Nyquist; general sampled spectrum | F4: Impulse-train sampling spectrum — Lec 5, sl. 4–17 | G4: L9 | H4: 35 | I4: 15 | J4: ★★★ High | K4: Numerical | L4: ◐ Method | M4: 2019-20 7(b) (EEE) | N4: FALSE
A5: 2 | B5: 2019-20 | C5: EEE 211 | D5: 7(b) | E5: x = sin(ω_Bt/2)/(πt) × Σδ(t−nπ/ω_B) → h = sin(3ω_Bt/2)/(πt): y(t) | F5: Impulse-train sampling spectrum — Lec 5, sl. 4–17 | G5: L9 | H5: 20 | I5: EEE p.25 | J5: ★★★ High | K5: Numerical | L5: ✔ Solved | M5: 2019-20 3 (CSE 311) | N5: FALSE
A6: 3 | B6: 2019-20 | C6: EEE 211 | D6: 8(a) | E6: FT of an impulse train is an impulse train | F6: Impulse-train sampling spectrum — Lec 5, sl. 4–17 | G6: L9 | H6: 15 | I6: EEE p.25–26 | J6: ★★★ High | K6: Derivation | L6: ✔ Solved | M6: 2018-19 3(a) (EEE) | N6: FALSE
A7: 4 | B7: 2018-19 | C7: EEE 211 | D7: 3(a) | E7: FT of an impulse train is an impulse train; sketch both | F7: Impulse-train sampling spectrum — Lec 5, sl. 4–17 | G7: L9 | H7: 10 | I7: EEE p.28 | J7: ★★ Medium | K7: Derivation | L7: ✔ Solved | M7: 2019-20 8(a) (EEE) | N7: FALSE
A8: 5 | B8: 2023-24 | C8: CSE 219 | D8: 7(c) | E8: Nyquist–Shannon theorem; X_p(jω) satisfying/violating; why aliasing is irrecoverable | F8: Sampling theorem, aliasing — Lec 5, sl. 19–22 | G8: L10 | H8: 10 | I8: 22 batch p.4 | J8: ★★★ High | K8: Theory | L8: ✔ Solved | M8: 2022-23 1(c); 2018-19 3(b) (EEE) | N8: FALSE
A9: 6 | B9: 2022-23 | C9: CSE 219 | D9: 1(c) | E9: Band-limited x(t), ω_s > 2ω_M: show x(t) is uniquely determined by x(nT) | F9: Sampling theorem, aliasing — Lec 5, sl. 19–22 | G9: L10 | H9: 15 | I9: 1 | J9: ★★★ High | K9: Proof | L9: ✔ Solved | M9: 2023-24 7(c); 2018-19 3(b) (EEE) | N9: FALSE
A10: 7 | B10: 2022-23 | C10: CSE 219 | D10: 4(b) | E10: X(e^{jω}) = 0 for 2π/9 ≤ |ω| ≤ π: lowest rate at which x[n] can be sampled (decimated) | F10: Sampling theorem, aliasing — Lec 5, sl. 19–22 | G10: L10 | H10: 10 | I10: 2 | J10: ★★★ High | K10: Numerical | L10: ✔ Solved | M10: — | N10: FALSE
A11: 8 | B11: 2018-19 | C11: CSE 311 | D11: 3(b) | E11: Cause of aliasing, its problems, how compensated | F11: Sampling theorem, aliasing — Lec 5, sl. 19–22 | G11: L10 | H11: 20 | I11: 18 | J11: ★★ Medium | K11: Theory | L11: ✔ Solved | M11: 2020-21 3(a) (CSE 311) | N11: FALSE
A12: 9 | B12: 2018-19 | C12: EEE 211 | D12: 3(b) | E12: FT of sin1000πt + cos1200πt; sampling period for no aliasing | F12: Sampling theorem, aliasing — Lec 5, sl. 19–22 | G12: L10 | H12: 10 | I12: EEE p.28 | J12: ★★ Medium | K12: Numerical | L12: ✔ Solved | M12: 2022-23 1(c); 2023-24 7(c) | N12: FALSE
A13: 10 | B13: 2023-24 | C13: CSE 219 | D13: 5(c) | E13: Compare ideal (sinc), ZOH, linear interpolation; choose for a real-time DAC | F13: Reconstruction: sinc, ZOH, linear — Lec 5, sl. 24–36 | G13: L11 | H13: 10 | I13: 22 batch p.3 | J13: ★★★ High | K13: Theory | L13: ✔ Solved | M13: 2020-21 1(b) (CSE 311) | N13: FALSE
A14: 11 | B14: 2021-22 | C14: CSE 311 | D14: 3(b) | E14: Nyquist-rate samples all zero except g(0) = A: find g(t) | F14: Reconstruction: sinc, ZOH, linear — Lec 5, sl. 24–36 | G14: L11 | H14: 15 | I14: 8 | J14: ★★★ High | K14: Numerical | L14: ✔ Solved | M14: 2018-19 1(a) (CSE 311) | N14: FALSE
A15: 12 | B15: 2020-21 | C15: CSE 311 | D15: 1(b) | E15: Can past samples foretell the future of a band-limited signal? | F15: Reconstruction: sinc, ZOH, linear — Lec 5, sl. 24–36 | G15: L11 | H15: 10 | I15: 12 | J15: ★★★ High | K15: Theory | L15: ◐ Method | M15: 2023-24 5(c) | N15: FALSE
A16: 13 | B16: 2018-19 | C16: CSE 311 | D16: 1(a) | E16: g(t) band-limited to 50 Hz, samples 0.01 s apart all 0 except g(0)=1: g(t), G(f); FT of δ | F16: Reconstruction: sinc, ZOH, linear — Lec 5, sl. 24–36 | G16: L11 | H16: 21 | I16: 18 | J16: ★★ Medium | K16: Numerical | L16: ✔ Solved | M16: 2021-22 3(b) (CSE 311) | N16: FALSE
A17: 14 | B17: 2020-21 | C17: CSE 311 | D17: 3(a) | E17: Why practical signals can't be fully recovered; aliasing; how to minimise | F17: Practical issues, DFT link — Lec 5, sl. 38–47 | G17: L12 | H17: 24 | I17: 12 | J17: ★★★ High | K17: Theory | L17: ✔ Solved | M17: 2018-19 3(b) (CSE 311) | N17: FALSE

Sheet 4 Laplace
A1: Lec 6–7 — Laplace transform
A2: Note file: CSE219_Ashraf_Laplace_Notes.docx · Solve after finishing the matching lesson. Filter Priority → ★★★ High first.
A3: Q No. | B3: Year | C3: Course | D3: Ques No. | E3: Short Question | F3: Topic (slide PDF · slides) | G3: Lesson | H3: Marks | I3: TF Page | J3: Priority | K3: Type | L3: In Notes | M3: Same Type Also In | N3: Done | O3: Confidence | P3: Date | Q3: My Notes
A4: 1 | B4: 2022-23 | C4: CSE 219 | D4: 1(b) | E4: x(t) = e^{−at} on 0<t<T: is s = −a in the ROC? (apparent pole) | F4: Laplace definition and ROC — Lec 6, sl. 4–25 | G4: L13 | H4: 10 | I4: 1 | J4: ★★★ High | K4: Theory | L4: ✔ Solved | M4: 2022-23 2(c); 2023-24 6(b); 2021-22 7(a) (EEE) | N4: FALSE
A5: 2 | B5: 2022-23 | C5: CSE 219 | D5: 2(c) | E5: LT and ROC of e^{−b|t−2|} | F5: Laplace definition and ROC — Lec 6, sl. 4–25 | G5: L13 | H5: 15 | I5: 1 | J5: ★★★ High | K5: Numerical | L5: ✔ Solved | M5: 2022-23 1(b); 2023-24 6(b); 2021-22 7(a) (EEE) | N5: FALSE
A6: 3 | B6: 2022-23 | C6: CSE 219 | D6: 4(a) | E6: Relation between the Laplace and the Fourier transform | F6: Laplace definition and ROC — Lec 6, sl. 4–25 | G6: L13 | H6: 10 | I6: 2 | J6: ★★★ High | K6: Theory | L6: ✔ Solved | M6: — | N6: FALSE
A7: 4 | B7: 2021-22 | C7: EEE 211 | D7: 7(a) | E7: LT + ROC: e^{−at}u (a>0, a<0), −e^{−at}u(−t) (a<0) | F7: Laplace definition and ROC — Lec 6, sl. 4–25 | G7: L13 | H7: 12 | I7: EEE p.15 | J7: ★★★ High | K7: Numerical | L7: ✔ Solved | M7: 2022-23 1(b); 2022-23 2(c); 2023-24 6(b) | N7: FALSE
A8: 5 | B8: 2022-23 | C8: CSE 219 | D8: 2(b) | E8: Inverse LT of (s+2)/(s²+7s+12), −4 < Re{s} < −3 | F8: Inverse Laplace — Lec 6, sl. 27–36 | G8: L14 | H8: 10 | I8: 1 | J8: ★★★ High | K8: Numerical | L8: ✔ Solved | M8: — | N8: FALSE
A9: 6 | B9: 2023-24 | C9: CSE 219 | D9: 6(b) | E9: LT + ROC of |t|e^{−2|t|} − e^{−t}cos3t u(t) + t²e^{−4t}u(t); sketch ROC | F9: Laplace properties — Lec 7, sl. 4–18 | G9: L15 | H9: 13 | I9: 22 batch p.3 | J9: ★★★ High | K9: Numerical | L9: ✔ Solved | M9: 2022-23 1(b); 2022-23 2(c); 2021-22 7(a) (EEE) | N9: FALSE
A10: 7 | B10: 2022-23 | C10: CSE 219 | D10: 2(a) | E10: State and prove time- and s-domain differentiation properties of the LT | F10: Laplace properties — Lec 7, sl. 4–18 | G10: L15 | H10: 10 | I10: 1 | J10: ★★★ High | K10: Proof | L10: ✔ Solved | M10: 2021-22 7(b) (EEE) | N10: FALSE
A11: 8 | B11: 2021-22 | C11: EEE 211 | D11: 7(b) | E11: Convolution property: inverse LT of 1/(s−a)³ | F11: Laplace properties — Lec 7, sl. 4–18 | G11: L15 | H11: 12 | I11: EEE p.15 | J11: ★★★ High | K11: Numerical | L11: ✔ Solved | M11: 2022-23 2(a) | N11: FALSE
A12: 9 | B12: 2023-24 | C12: EEE 211 | D12: 4(a) | E12: RLC circuit, v_C(0⁻)=1, i_L(0⁻)=2, x=u(t): y(t) by LT | F12: LTI systems, ODEs, circuits, feedback — Lec 7, sl. 20–28 + textbook | G12: L16 | H12: 18 | I12: EEE p.2 | J12: ★★★ High | K12: Numerical | L12: ◐ Method | M12: 2022-23 3(a) (EEE); 2020-21 3(b) (EEE); 2018-19 5(b) (EEE) | N12: FALSE
A13: 10 | B13: 2023-24 | C13: EEE 211 | D13: 5(b) | E13: Plant 1/(s+2), controller (s+1)/s, unity feedback, x = Au: final value = input? with 1/(s−2)? | F13: LTI systems, ODEs, circuits, feedback — Lec 7, sl. 20–28 + textbook | G13: L16 | H13: 15 | I13: EEE p.4 | J13: ★★★ High | K13: Numerical | L13: ✔ Solved | M13: 2023-24 8(a) (EEE); 2021-22 8(a) (EEE); 2020-21 3(a) (EEE); 2020-21 4(a) (EEE); 2019-20 3 (EEE) | N13: FALSE
A14: 11 | B14: 2023-24 | C14: CSE 219 | D14: 6(a) | E14: y''+7y'+12y = x'+2x, x = u(t), zero IC: solve by LT | F14: LTI systems, ODEs, circuits, feedback — Lec 7, sl. 20–28 + textbook | G14: L16 | H14: 12 | I14: 22 batch p.3 | J14: ★★★ High | K14: Numerical | L14: ✔ Solved | M14: 2023-24 8(b) (EEE); 2021-22 7(c) (EEE); 2018-19 8(a) (EEE) | N14: FALSE
A15: 12 | B15: 2023-24 | C15: CSE 219 | D15: 6(c) | E15: Causal but unstable? stable but non-causal? reason with ROC | F15: LTI systems, ODEs, circuits, feedback — Lec 7, sl. 20–28 + textbook | G15: L16 | H15: 10 | I15: 22 batch p.3 | J15: ★★★ High | K15: Theory | L15: ✔ Solved | M15: — | N15: FALSE
A16: 13 | B16: 2023-24 | C16: EEE 211 | D16: 8(a) | E16: Transfer function of the block diagram; poles; stability | F16: LTI systems, ODEs, circuits, feedback — Lec 7, sl. 20–28 + textbook | G16: L16 | H16: 17 | I16: EEE p.6 | J16: ★★★ High | K16: Numerical | L16: ○ Partly | M16: 2023-24 5(b) (EEE); 2021-22 8(a) (EEE); 2020-21 3(a) (EEE); 2020-21 4(a) (EEE); 2019-20 3 (EEE) | N16: FALSE
A17: 14 | B17: 2023-24 | C17: EEE 211 | D17: 8(b) | E17: y''+5y'+6y = x'+x, y(0⁻)=2, y'(0⁻)=1, x = e^{−4t}u: ZIR and ZSR by LT | F17: LTI systems, ODEs, circuits, feedback — Lec 7, sl. 20–28 + textbook | G17: L16 | H17: 18 | I17: EEE p.6 | J17: ★★★ High | K17: Numerical | L17: ✔ Solved | M17: 2023-24 6(a); 2021-22 7(c) (EEE); 2018-19 8(a) (EEE) | N17: FALSE
A18: 15 | B18: 2022-23 | C18: EEE 211 | D18: 1(a) | E18: Thermostat: choose H₁ = s²/(s²+9) or H₂; % incremental change at 1.5 s | F18: LTI systems, ODEs, circuits, feedback — Lec 7, sl. 20–28 + textbook | G18: L16 | H18: 18 | I18: EEE p.7 | J18: ★★★ High | K18: Numerical | L18: ○ Partly | M18: 2018-19 5(a) (EEE) | N18: FALSE
A19: 16 | B19: 2022-23 | C19: EEE 211 | D19: 3(a) | E19: Circuit with v = 2 V (t<0), 4e^{−2t} (t≥0): i_R(t) by LT | F19: LTI systems, ODEs, circuits, feedback — Lec 7, sl. 20–28 + textbook | G19: L16 | H19: 18 | I19: EEE p.8 | J19: ★★★ High | K19: Numerical | L19: ◐ Method | M19: 2023-24 4(a) (EEE); 2020-21 3(b) (EEE); 2018-19 5(b) (EEE) | N19: FALSE
A20: 17 | B20: 2021-22 | C20: EEE 211 | D20: 7(c) | E20: y'+2y = e^{−3t}u(t), y(0⁻) = 1 by LT | F20: LTI systems, ODEs, circuits, feedback — Lec 7, sl. 20–28 + textbook | G20: L16 | H20: 11 | I20: EEE p.15 | J20: ★★★ High | K20: Numerical | L20: ✔ Solved | M20: 2023-24 6(a); 2023-24 8(b) (EEE); 2018-19 8(a) (EEE) | N20: FALSE
A21: 18 | B21: 2021-22 | C21: EEE 211 | D21: 8(a) | E21: Control loop with disturbance: H_d = Y/W; zero steady state if H_c has a zero at 0 | F21: LTI systems, ODEs, circuits, feedback — Lec 7, sl. 20–28 + textbook | G21: L16 | H21: 18 | I21: EEE p.15–16 | J21: ★★★ High | K21: Numerical | L21: ○ Partly | M21: 2023-24 5(b) (EEE); 2023-24 8(a) (EEE); 2020-21 3(a) (EEE); 2020-21 4(a) (EEE); 2019-20 3 (EEE) | N21: FALSE
A22: 19 | B22: 2020-21 | C22: EEE 211 | D22: 3(a) | E22: H₁ = 1/(s²+bs+(b−3)), H₂ = −2 feedback: overall H, b for stability | F22: LTI systems, ODEs, circuits, feedback — Lec 7, sl. 20–28 + textbook | G22: L16 | H22: 15 | I22: EEE p.18 | J22: ★★★ High | K22: Numerical | L22: ◐ Method | M22: 2023-24 5(b) (EEE); 2023-24 8(a) (EEE); 2021-22 8(a) (EEE); 2020-21 4(a) (EEE); 2019-20 3 (EEE) | N22: FALSE
... A28: 25 | B28: 2018-19 | C28: EEE 211 | D28: 8(a) | E28: y''+3y'+Ky = x'': K for BIBO stability; ZIR for y(0⁺)=0, y'(0⁺)=1, K=2 | F28: LTI systems, ODEs, circuits, feedback — Lec 7, sl. 20–28 + textbook | G28: L16 | H28: 15 | I28: EEE p.31 | J28: ★★ Medium | K28: Numerical | L28: ○ Partly | M28: 2023-24 6(a); 2023-24 8(b) (EEE); 2021-22 7(c) (EEE) | N28: FALSE

Sheet 5 z-Transform
A1: Lec 8 — z-transform
A2: Note file: CSE219_Ashraf_ZTransform_Notes.docx · Solve after finishing the matching lesson. Filter Priority → ★★★ High first.
A3: Q No. | B3: Year | C3: Course | D3: Ques No. | E3: Short Question | F3: Topic (slide PDF · slides) | G3: Lesson | H3: Marks | I3: TF Page | J3: Priority | K3: Type | L3: In Notes | M3: Same Type Also In | N3: Done | O3: Confidence | P3: Date | Q3: My Notes
A4: 1 | B4: 2023-24 | C4: CSE 219 | D4: 8(a) | E4: All possible ROCs of X(z) = (1+2z⁻¹−z⁻²)/(1−(11/6)z⁻¹+z⁻²−(1/6)z⁻³) | F4: z-transform definition and ROC — Lec 8, sl. 4–26 | G4: L17 | H4: 12 | I4: 22 batch p.4 | J4: ★★★ High | K4: Numerical | L4: ✔ Solved | M4: 2022-23 1(a); 2022-23 3(a) | N4: FALSE
A5: 2 | B5: 2023-24 | C5: CSE 219 | D5: 8(d) | E5: Laplace vs z-transform; why z for discrete time | F5: z-transform definition and ROC — Lec 8, sl. 4–26 | G5: L17 | H5: 5 | I5: 22 batch p.5 | J5: ★★★ High | K5: Theory | L5: ✔ Solved | M5: — | N5: FALSE
A6: 3 | B6: 2022-23 | C6: CSE 219 | D6: 1(a) | E6: z-transform and ROC of x[n] = aⁿu[n] | F6: z-transform definition and ROC — Lec 8, sl. 4–26 | G6: L17 | H6: 10 | I6: 1 | J6: ★★★ High | K6: Numerical | L6: ✔ Solved | M6: 2022-23 3(a); 2023-24 8(a) | N6: FALSE
A7: 4 | B7: 2022-23 | C7: CSE 219 | D7: 3(a) | E7: x[n] = aⁿ, 0≤n≤N−1: show the ROC excludes z = 0 | F7: z-transform definition and ROC — Lec 8, sl. 4–26 | G7: L17 | H7: 10 | I7: 2 | J7: ★★★ High | K7: Theory | L7: ✔ Solved | M7: 2022-23 1(a); 2023-24 8(a) | N7: FALSE
A8: 5 | B8: 2022-23 | C8: CSE 219 | D8: 3(b) | E8: Derive the contour-integral formula of the inverse z-transform | F8: Inverse z-transform — Lec 8, sl. 28–32 | G8: L18 | H8: 10 | I8: 2 | J8: ★★★ High | K8: Derivation | L8: ✔ Solved | M8: 2022-23 3(c) | N8: FALSE
A9: 6 | B9: 2022-23 | C9: CSE 219 | D9: 3(c) | E9: Inverse z-transform of log(1+az^{−1}), |z|>|a| | F9: Inverse z-transform — Lec 8, sl. 28–32 | G9: L18 | H9: 15 | I9: 2 | J9: ★★★ High | K9: Numerical | L9: ✔ Solved | M9: 2022-23 3(b) | N9: FALSE
A10: 7 | B10: 2023-24 | C10: CSE 219 | D10: 8(b) | E10: Poles 1/3, 2/3, 2: ROC for right-sided, FT converges, FT diverges, left-sided | F10: z properties and LTI systems — Lec 8, sl. 34–47 | G10: L19 | H10: 8 | I10: 22 batch p.5 | J10: ★★★ High | K10: Theory | L10: ✔ Solved | M10: — | N10: FALSE
A11: 8 | B11: 2023-24 | C11: CSE 219 | D11: 8(c) | E11: z-transform of |n|(½)^{|n|}; pole-zero plot | F11: z properties and LTI systems — Lec 8, sl. 34–47 | G11: L19 | H11: 10 | I11: 22 batch p.5 | J11: ★★★ High | K11: Numerical | L11: ✔ Solved | M11: — | N11: FALSE

Sheet Outside Notes
A1: Ashraf-section questions on topics NOT in the current slides
A2: Mostly older papers. Ask sir/ma'am whether these topics are in this term's syllabus before practising them.
A3: Q No. | B3: Year | C3: Course | D3: Ques No. | E3: Short Question | F3: Topic Area | G3: Marks | H3: TF Page | I3: Done | J3: My Notes
A4: 1 | B4: 2023-24 | C4: EEE 211 | D4: 3(a) | E4: First canonical state model of y'''−2y''+y'+4y = x''+5x; stability | F4: State-space models (not in slides) | G4: 18 | H4: EEE p.2 | I4: FALSE
A5: 2 | B5: 2023-24 | C5: EEE 211 | D5: 3(b) | E5: Impulse response from state equations via Cayley–Hamilton | F5: State-space models (not in slides) | G5: 17 | H5: EEE p.2 | I5: FALSE
A6: 3 | B6: 2023-24 | C6: EEE 211 | D6: 4(b) | E6: Force–voltage analogue of a mechanical system | F6: Mechanical–electrical analogues / D'Alembert (not in slides) | G6: 17 | H6: EEE p.3 | I6: FALSE
A7: 4 | B7: 2022-23 | C7: EEE 211 | D7: 1(b) | E7: f–i electrical equivalent of a pulley–mass system | F7: Mechanical–electrical analogues / D'Alembert (not in slides) | G7: 17 | H7: EEE p.7 | I7: FALSE
A8: 5 | B8: 2022-23 | C8: EEE 211 | D8: 3(b) | E8: State model (A,b,c,d) → H(s), h(t); ROC of the step response | F8: State-space models (not in slides) | G8: 17 | H8: EEE p.9 | I8: FALSE
A9: 6 | B9: 2022-23 | C9: EEE 211 | D9: 4(b) | E9: Second canonical simulation diagram and state equation | F9: State-space models (not in slides) | G9: 20 | H9: EEE p.9 | I9: FALSE
A10: 7 | B10: 2022-23 | C10: EEE 211 | D10: 6(b) | E10: State transformation z = Pv: A₁, b₁, c₁, d₁ | F10: State-space models (not in slides) | G10: 15 | H10: EEE p.11 | I10: FALSE
A11: 8 | B11: 2021-22 | C11: EEE 211 | D11: 4 | E11: y''+7y'−12y = x''+3x'+4x: canonical form, state eq., STM, h(t), stability | F11: State-space models (not in slides) | G11: 35 | H11: EEE p.13 | I11: FALSE
A12: 9 | B12: 2021-22 | C12: EEE 211 | D12: 8(b) | E12: Force–voltage analogue of a mass–spring system | F12: Mechanical–electrical analogues / D'Alembert (not in slides) | G12: 17 | H12: EEE p.16 | I12: FALSE
A13: 10 | B13: 2020-21 | C13: EEE 211 | D13: 4(b) | E13: Torque–current analogue of a rotational system | F13: Mechanical–electrical analogues / D'Alembert (not in slides) | G13: 15 | H13: EEE p.19 | I13: FALSE
A14: 11 | B14: 2020-21 | C14: EEE 211 | D14: 8(a)–(b) | E14: y''+6y'+8y = x'+x: state-variable h(t) (Cayley–Hamilton), STM, step response | F14: State-space models (not in slides) | G14: 35 | H14: EEE p.21 | I14: FALSE
A15: 12 | B15: 2019-20 | C15: EEE 211 | D15: 4 | E15: Mechanical system: f–v analogue, state model, impulse response | F15: Mechanical–electrical analogues / D'Alembert (not in slides) | G15: 35 | H15: EEE p.23–24 | I15: FALSE
... A17: 14 | B17: 2018-19 | C17: EEE 211 | D17: 8(b) | E17: RLC state model and closed-form STM | F17: State-space models (not in slides) | G17: 20 | H17: EEE p.31 | I17: FALSE
