Workbook

Sheet How to Use
B2: CSE 209 (Tushar Sir part) — TF Practice Tracker
B3: Every ART-part question in TF209.pdf (CSE209 ALL TF QUES), mapped to the note file and lesson that teaches it.
B5: Workflow — after you finish a note file
B6: 1. Open its tab | C6: Tabs 1–4 follow the order of your note files. Q No. runs lesson by lesson, newest year first inside each lesson.
B7: 2. Filter | C7: Use the filter arrow on Priority → ★★★ High first (2019-20 onward). Then ★★ Medium, then ★ Low.
B8: 3. Solve | C8: Open TF209.pdf (CSE209 ALL TF QUES) at the TF Page shown. Solve on paper under exam time (≈1.5 min per mark). Do not read the note solution first.
B9: 4. Check | C9: In Notes tells you what the note has: ✔ Solved = same question worked out; ◐ Method = method / model answer you can apply; ○ Partly = notes cover most of it, finish the rest yourself.
B10: 5. Record | C10: Tick Done, pick Confidence, add the Date. Write mistakes in My Notes. Re-solve every 'Weak' row before the exam.
B11: 6. Repeats | C11: 'Same Type Also In' lists other papers with the same question type. Solve one, then try a repeat cold — that is the real test.
B13: Columns you edit (all others are fixed data)
B14: Done (col N) | C14: TRUE / FALSE. In Google Sheets: select N4 downward → Insert → Checkbox. The values stay; ticking turns the row green.
B15: Confidence (col O) | C15: Dropdown: Weak / OK / Strong. Weak rows turn the cell red.
B16: Date (col P) | C16: Date you solved it, e.g. 16-Oct-2026.
B17: My Notes (col Q) | C17: Mistakes, missing steps, formula you forgot.
B19: Legend
B20: ★★★ High | C20: Asked in 2019-20 or later (most important — current question style).
B21: ★★ Medium | C21: Older paper, but the same question type appears at least twice in TF.
B22: ★ Low | C22: Older paper, asked once.
B23: Type | C23: Numerical = calculation · Trace = tables / step-by-step simulation · Design = construct / draw · Proof = prove / disprove · Theory = explain.
B24: Course | C24: CSE 209 = current course code; CSE 305 = old code for the same content.
B25: Topic | C25: Note lesson title — slide PDF and slide numbers.
B26: Outside Notes tab | C26: ART-section questions from older papers on topics not in the current slides. Check with your teacher before spending time on them.

Sheet Dashboard
A1: Progress Dashboard
A2: Updates automatically when you tick Done / set Confidence in tabs 1–4.
A4: # | B4: Note file (tab) | C4: Questions | D4: Done | E4: % Done | F4: Marks (total) | G4: Marks done | H4: High-priority left | I4: Weak | J4: Next unsolved (top of tab)
A5: 1 | B5: 1 Ch1 Performance | C5: =COUNTA('1 Ch1 Performance'!$E$4:$E$30) | D5: =COUNTIF('1 Ch1 Performance'!$N$4:$N$30,TRUE()) | E5: =IF(C5=0,0,D5/C5) | F5: =SUM('1 Ch1 Performance'!$H$4:$H$30) | G5: =SUMIF('1 Ch1 Performance'!$N$4:$N$30,TRUE(),'1 Ch1 Performance'!$H$4:$H$30) | H5: =COUNTIFS('1 Ch1 Performance'!$J$4:$J$30,"★★★ High",'1 Ch1 Performance'!$N$4:$N$30,FALSE()) | I5: =COUNTIF('1 Ch1 Performance'!$O$4:$O$30,"Weak") | J5: =IFERROR("Q"&INDEX('1 Ch1 Performance'!$A$4:$A$30,MATCH(FALSE(),'1 Ch1 Performance'!$N$4:$N$30,0))&" · "&INDEX('1 Ch1 Performance'!$B$4:$B$30,MATCH(FALSE(),'1 Ch1 Performance'!$N$4:$N$30,0))&" "&INDEX('1 Ch1 Performance'!$D$4:$D$30,MATCH(FALSE(),'1 Ch1 Performance'!$N$4:$N$30,0))&" · TF p."&INDEX('1 Ch1 Performance'!$I$4:$I$30,MATCH(FALSE(),'1 Ch1 Performance'!$N$4:$N$30,0)),"All done ✔")
A6: 2 | B6: 2 ALU Design | C6: =COUNTA('2 ALU Design'!$E$4:$E$14) | D6: =COUNTIF('2 ALU Design'!$N$4:$N$14,TRUE()) | E6: =IF(C6=0,0,D6/C6) | F6: =SUM('2 ALU Design'!$H$4:$H$14) | G6: =SUMIF('2 ALU Design'!$N$4:$N$14,TRUE(),'2 ALU Design'!$H$4:$H$14) | H6: =COUNTIFS('2 ALU Design'!$J$4:$J$14,"★★★ High",'2 ALU Design'!$N$4:$N$14,FALSE()) | I6: =COUNTIF('2 ALU Design'!$O$4:$O$14,"Weak") | J6: =IFERROR("Q"&INDEX('2 ALU Design'!$A$4:$A$14,MATCH(FALSE(),'2 ALU Design'!$N$4:$N$14,0))&" · "&INDEX('2 ALU Design'!$B$4:$B$14,MATCH(FALSE(),'2 ALU Design'!$N$4:$N$14,0))&" "&INDEX('2 ALU Design'!$D$4:$D$14,MATCH(FALSE(),'2 ALU Design'!$N$4:$N$14,0))&" · TF p."&INDEX('2 ALU Design'!$I$4:$I$14,MATCH(FALSE(),'2 ALU Design'!$N$4:$N$14,0)),"All done ✔")
A7: 3 | B7: 3 Ch2 MIPS ISA | C7: =COUNTA('3 Ch2 MIPS ISA'!$E$4:$E$73) | D7: =COUNTIF('3 Ch2 MIPS ISA'!$N$4:$N$73,TRUE()) | E7: =IF(C7=0,0,D7/C7) | F7: =SUM('3 Ch2 MIPS ISA'!$H$4:$H$73) | G7: =SUMIF('3 Ch2 MIPS ISA'!$N$4:$N$73,TRUE(),'3 Ch2 MIPS ISA'!$H$4:$H$73) | H7: =COUNTIFS('3 Ch2 MIPS ISA'!$J$4:$J$73,"★★★ High",'3 Ch2 MIPS ISA'!$N$4:$N$73,FALSE()) | I7: =COUNTIF('3 Ch2 MIPS ISA'!$O$4:$O$73,"Weak") | J7: =IFERROR("Q"&INDEX('3 Ch2 MIPS ISA'!$A$4:$A$73,MATCH(FALSE(),'3 Ch2 MIPS ISA'!$N$4:$N$73,0))&" · "&INDEX('3 Ch2 MIPS ISA'!$B$4:$B$73,MATCH(FALSE(),'3 Ch2 MIPS ISA'!$N$4:$N$73,0))&" "&INDEX('3 Ch2 MIPS ISA'!$D$4:$D$73,MATCH(FALSE(),'3 Ch2 MIPS ISA'!$N$4:$N$73,0))&" · TF p."&INDEX('3 Ch2 MIPS ISA'!$I$4:$I$73,MATCH(FALSE(),'3 Ch2 MIPS ISA'!$N$4:$N$73,0)),"All done ✔")
A8: 4 | B8: 4 Ch3 Arithmetic | C8: =COUNTA('4 Ch3 Arithmetic'!$E$4:$E$34) | D8: =COUNTIF('4 Ch3 Arithmetic'!$N$4:$N$34,TRUE()) | E8: =IF(C8=0,0,D8/C8) | F8: =SUM('4 Ch3 Arithmetic'!$H$4:$H$34) | G8: =SUMIF('4 Ch3 Arithmetic'!$N$4:$N$34,TRUE(),'4 Ch3 Arithmetic'!$H$4:$H$34) | H8: =COUNTIFS('4 Ch3 Arithmetic'!$J$4:$J$34,"★★★ High",'4 Ch3 Arithmetic'!$N$4:$N$34,FALSE()) | I8: =COUNTIF('4 Ch3 Arithmetic'!$O$4:$O$34,"Weak") | J8: =IFERROR("Q"&INDEX('4 Ch3 Arithmetic'!$A$4:$A$34,MATCH(FALSE(),'4 Ch3 Arithmetic'!$N$4:$N$34,0))&" · "&INDEX('4 Ch3 Arithmetic'!$B$4:$B$34,MATCH(FALSE(),'4 Ch3 Arithmetic'!$N$4:$N$34,0))&" "&INDEX('4 Ch3 Arithmetic'!$D$4:$D$34,MATCH(FALSE(),'4 Ch3 Arithmetic'!$N$4:$N$34,0))&" · TF p."&INDEX('4 Ch3 Arithmetic'!$I$4:$I$34,MATCH(FALSE(),'4 Ch3 Arithmetic'!$N$4:$N$34,0)),"All done ✔")
B9: TOTAL | C9: =SUM(C5:C8) | D9: =SUM(D5:D8) | E9: =IF(C9=0,0,D9/C9) | F9: =SUM(F5:F8) | G9: =SUM(G5:G8) | H9: =SUM(H5:H8) | I9: =SUM(I5:I8)
A11: Questions by year (tabs 1–4)
A12: # | B12: Year | C12: Questions | D12: Done | E12: % Done | F12: Marks (total)
A13: 1 | B13: 2023-24 | C13: =COUNTIF('1 Ch1 Performance'!$B$4:$B$30,$B13)+COUNTIF('2 ALU Design'!$B$4:$B$14,$B13)+COUNTIF('3 Ch2 MIPS ISA'!$B$4:$B$73,$B13)+COUNTIF('4 Ch3 Arithmetic'!$B$4:$B$34,$B13) | D13: =COUNTIFS('1 Ch1 Performance'!$B$4:$B$30,$B13,'1 Ch1 Performance'!$N$4:$N$30,TRUE())+COUNTIFS('2 ALU Design'!$B$4:$B$14,$B13,'2 ALU Design'!$N$4:$N$14,TRUE())+COUNTIFS('3 Ch2 MIPS ISA'!$B$4:$B$73,$B13,'3 Ch2 MIPS ISA'!$N$4:$N$73,TRUE())+COUNTIFS('4 Ch3 Arithmetic'!$B$4:$B$34,$B13,'4 Ch3 Arithmetic'!$N$4:$N$34,TRUE()) | E13: =IF(C13=0,0,D13/C13) | F13: =SUMIF('1 Ch1 Performance'!$B$4:$B$30,$B13,'1 Ch1 Performance'!$H$4:$H$30)+SUMIF('2 ALU Design'!$B$4:$B$14,$B13,'2 ALU Design'!$H$4:$H$14)+SUMIF('3 Ch2 MIPS ISA'!$B$4:$B$73,$B13,'3 Ch2 MIPS ISA'!$H$4:$H$73)+SUMIF('4 Ch3 Arithmetic'!$B$4:$B$34,$B13,'4 Ch3 Arithmetic'!$H$4:$H$34)
A14: 2 | B14: 2022-23 | C14: =COUNTIF('1 Ch1 Performance'!$B$4:$B$30,$B14)+COUNTIF('2 ALU Design'!$B$4:$B$14,$B14)+COUNTIF('3 Ch2 MIPS ISA'!$B$4:$B$73,$B14)+COUNTIF('4 Ch3 Arithmetic'!$B$4:$B$34,$B14) | D14: =COUNTIFS('1 Ch1 Performance'!$B$4:$B$30,$B14,'1 Ch1 Performance'!$N$4:$N$30,TRUE())+COUNTIFS('2 ALU Design'!$B$4:$B$14,$B14,'2 ALU Design'!$N$4:$N$14,TRUE())+COUNTIFS('3 Ch2 MIPS ISA'!$B$4:$B$73,$B14,'3 Ch2 MIPS ISA'!$N$4:$N$73,TRUE())+COUNTIFS('4 Ch3 Arithmetic'!$B$4:$B$34,$B14,'4 Ch3 Arithmetic'!$N$4:$N$34,TRUE()) | E14: =IF(C14=0,0,D14/C14) | F14: =SUMIF('1 Ch1 Performance'!$B$4:$B$30,$B14,'1 Ch1 Performance'!$H$4:$H$30)+SUMIF('2 ALU Design'!$B$4:$B$14,$B14,'2 ALU Design'!$H$4:$H$14)+SUMIF('3 Ch2 MIPS ISA'!$B$4:$B$73,$B14,'3 Ch2 MIPS ISA'!$H$4:$H$73)+SUMIF('4 Ch3 Arithmetic'!$B$4:$B$34,$B14,'4 Ch3 Arithmetic'!$H$4:$H$34)
A15: 3 | B15: 2021-22 | C15: =COUNTIF('1 Ch1 Performance'!$B$4:$B$30,$B15)+COUNTIF('2 ALU Design'!$B$4:$B$14,$B15)+COUNTIF('3 Ch2 MIPS ISA'!$B$4:$B$73,$B15)+COUNTIF('4 Ch3 Arithmetic'!$B$4:$B$34,$B15) | D15: =COUNTIFS('1 Ch1 Performance'!$B$4:$B$30,$B15,'1 Ch1 Performance'!$N$4:$N$30,TRUE())+COUNTIFS('2 ALU Design'!$B$4:$B$14,$B15,'2 ALU Design'!$N$4:$N$14,TRUE())+COUNTIFS('3 Ch2 MIPS ISA'!$B$4:$B$73,$B15,'3 Ch2 MIPS ISA'!$N$4:$N$73,TRUE())+COUNTIFS('4 Ch3 Arithmetic'!$B$4:$B$34,$B15,'4 Ch3 Arithmetic'!$N$4:$N$34,TRUE()) | E15: =IF(C15=0,0,D15/C15) | F15: =SUMIF('1 Ch1 Performance'!$B$4:$B$30,$B15,'1 Ch1 Performance'!$H$4:$H$30)+SUMIF('2 ALU Design'!$B$4:$B$14,$B15,'2 ALU Design'!$H$4:$H$14)+SUMIF('3 Ch2 MIPS ISA'!$B$4:$B$73,$B15,'3 Ch2 MIPS ISA'!$H$4:$H$73)+SUMIF('4 Ch3 Arithmetic'!$B$4:$B$34,$B15,'4 Ch3 Arithmetic'!$H$4:$H$34)
A16: 4 | B16: 2020-21 | C16: =COUNTIF('1 Ch1 Performance'!$B$4:$B$30,$B16)+COUNTIF('2 ALU Design'!$B$4:$B$14,$B16)+COUNTIF('3 Ch2 MIPS ISA'!$B$4:$B$73,$B16)+COUNTIF('4 Ch3 Arithmetic'!$B$4:$B$34,$B16) | D16: =COUNTIFS('1 Ch1 Performance'!$B$4:$B$30,$B16,'1 Ch1 Performance'!$N$4:$N$30,TRUE())+COUNTIFS('2 ALU Design'!$B$4:$B$14,$B16,'2 ALU Design'!$N$4:$N$14,TRUE())+COUNTIFS('3 Ch2 MIPS ISA'!$B$4:$B$73,$B16,'3 Ch2 MIPS ISA'!$N$4:$N$73,TRUE())+COUNTIFS('4 Ch3 Arithmetic'!$B$4:$B$34,$B16,'4 Ch3 Arithmetic'!$N$4:$N$34,TRUE()) | E16: =IF(C16=0,0,D16/C16) | F16: =SUMIF('1 Ch1 Performance'!$B$4:$B$30,$B16,'1 Ch1 Performance'!$H$4:$H$30)+SUMIF('2 ALU Design'!$B$4:$B$14,$B16,'2 ALU Design'!$H$4:$H$14)+SUMIF('3 Ch2 MIPS ISA'!$B$4:$B$73,$B16,'3 Ch2 MIPS ISA'!$H$4:$H$73)+SUMIF('4 Ch3 Arithmetic'!$B$4:$B$34,$B16,'4 Ch3 Arithmetic'!$H$4:$H$34)
A17: 5 | B17: 2019-20 | C17: =COUNTIF('1 Ch1 Performance'!$B$4:$B$30,$B17)+COUNTIF('2 ALU Design'!$B$4:$B$14,$B17)+COUNTIF('3 Ch2 MIPS ISA'!$B$4:$B$73,$B17)+COUNTIF('4 Ch3 Arithmetic'!$B$4:$B$34,$B17) | D17: =COUNTIFS('1 Ch1 Performance'!$B$4:$B$30,$B17,'1 Ch1 Performance'!$N$4:$N$30,TRUE())+COUNTIFS('2 ALU Design'!$B$4:$B$14,$B17,'2 ALU Design'!$N$4:$N$14,TRUE())+COUNTIFS('3 Ch2 MIPS ISA'!$B$4:$B$73,$B17,'3 Ch2 MIPS ISA'!$N$4:$N$73,TRUE())+COUNTIFS('4 Ch3 Arithmetic'!$B$4:$B$34,$B17,'4 Ch3 Arithmetic'!$N$4:$N$34,TRUE()) | E17: =IF(C17=0,0,D17/C17) | F17: =SUMIF('1 Ch1 Performance'!$B$4:$B$30,$B17,'1 Ch1 Performance'!$H$4:$H$30)+SUMIF('2 ALU Design'!$B$4:$B$14,$B17,'2 ALU Design'!$H$4:$H$14)+SUMIF('3 Ch2 MIPS ISA'!$B$4:$B$73,$B17,'3 Ch2 MIPS ISA'!$H$4:$H$73)+SUMIF('4 Ch3 Arithmetic'!$B$4:$B$34,$B17,'4 Ch3 Arithmetic'!$H$4:$H$34)
A18: 6 | B18: 2018-19 | C18: =COUNTIF('1 Ch1 Performance'!$B$4:$B$30,$B18)+COUNTIF('2 ALU Design'!$B$4:$B$14,$B18)+COUNTIF('3 Ch2 MIPS ISA'!$B$4:$B$73,$B18)+COUNTIF('4 Ch3 Arithmetic'!$B$4:$B$34,$B18) | D18: =COUNTIFS('1 Ch1 Performance'!$B$4:$B$30,$B18,'1 Ch1 Performance'!$N$4:$N$30,TRUE())+COUNTIFS('2 ALU Design'!$B$4:$B$14,$B18,'2 ALU Design'!$N$4:$N$14,TRUE())+COUNTIFS('3 Ch2 MIPS ISA'!$B$4:$B$73,$B18,'3 Ch2 MIPS ISA'!$N$4:$N$73,TRUE())+COUNTIFS('4 Ch3 Arithmetic'!$B$4:$B$34,$B18,'4 Ch3 Arithmetic'!$N$4:$N$34,TRUE()) | E18: =IF(C18=0,0,D18/C18) | F18: =SUMIF('1 Ch1 Performance'!$B$4:$B$30,$B18,'1 Ch1 Performance'!$H$4:$H$30)+SUMIF('2 ALU Design'!$B$4:$B$14,$B18,'2 ALU Design'!$H$4:$H$14)+SUMIF('3 Ch2 MIPS ISA'!$B$4:$B$73,$B18,'3 Ch2 MIPS ISA'!$H$4:$H$73)+SUMIF('4 Ch3 Arithmetic'!$B$4:$B$34,$B18,'4 Ch3 Arithmetic'!$H$4:$H$34)
A19: 7 | B19: 2017-18 | C19: =COUNTIF('1 Ch1 Performance'!$B$4:$B$30,$B19)+COUNTIF('2 ALU Design'!$B$4:$B$14,$B19)+COUNTIF('3 Ch2 MIPS ISA'!$B$4:$B$73,$B19)+COUNTIF('4 Ch3 Arithmetic'!$B$4:$B$34,$B19) | D19: =COUNTIFS('1 Ch1 Performance'!$B$4:$B$30,$B19,'1 Ch1 Performance'!$N$4:$N$30,TRUE())+COUNTIFS('2 ALU Design'!$B$4:$B$14,$B19,'2 ALU Design'!$N$4:$N$14,TRUE())+COUNTIFS('3 Ch2 MIPS ISA'!$B$4:$B$73,$B19,'3 Ch2 MIPS ISA'!$N$4:$N$73,TRUE())+COUNTIFS('4 Ch3 Arithmetic'!$B$4:$B$34,$B19,'4 Ch3 Arithmetic'!$N$4:$N$34,TRUE()) | E19: =IF(C19=0,0,D19/C19) | F19: =SUMIF('1 Ch1 Performance'!$B$4:$B$30,$B19,'1 Ch1 Performance'!$H$4:$H$30)+SUMIF('2 ALU Design'!$B$4:$B$14,$B19,'2 ALU Design'!$H$4:$H$14)+SUMIF('3 Ch2 MIPS ISA'!$B$4:$B$73,$B19,'3 Ch2 MIPS ISA'!$H$4:$H$73)+SUMIF('4 Ch3 Arithmetic'!$B$4:$B$34,$B19,'4 Ch3 Arithmetic'!$H$4:$H$34)
A20: 8 | B20: 2016-17 | C20: =COUNTIF('1 Ch1 Performance'!$B$4:$B$30,$B20)+COUNTIF('2 ALU Design'!$B$4:$B$14,$B20)+COUNTIF('3 Ch2 MIPS ISA'!$B$4:$B$73,$B20)+COUNTIF('4 Ch3 Arithmetic'!$B$4:$B$34,$B20) | D20: =COUNTIFS('1 Ch1 Performance'!$B$4:$B$30,$B20,'1 Ch1 Performance'!$N$4:$N$30,TRUE())+COUNTIFS('2 ALU Design'!$B$4:$B$14,$B20,'2 ALU Design'!$N$4:$N$14,TRUE())+COUNTIFS('3 Ch2 MIPS ISA'!$B$4:$B$73,$B20,'3 Ch2 MIPS ISA'!$N$4:$N$73,TRUE())+COUNTIFS('4 Ch3 Arithmetic'!$B$4:$B$34,$B20,'4 Ch3 Arithmetic'!$N$4:$N$34,TRUE()) | E20: =IF(C20=0,0,D20/C20) | F20: =SUMIF('1 Ch1 Performance'!$B$4:$B$30,$B20,'1 Ch1 Performance'!$H$4:$H$30)+SUMIF('2 ALU Design'!$B$4:$B$14,$B20,'2 ALU Design'!$H$4:$H$14)+SUMIF('3 Ch2 MIPS ISA'!$B$4:$B$73,$B20,'3 Ch2 MIPS ISA'!$H$4:$H$73)+SUMIF('4 Ch3 Arithmetic'!$B$4:$B$34,$B20,'4 Ch3 Arithmetic'!$H$4:$H$34)
A21: 9 | B21: 2015-16 | C21: =COUNTIF('1 Ch1 Performance'!$B$4:$B$30,$B21)+COUNTIF('2 ALU Design'!$B$4:$B$14,$B21)+COUNTIF('3 Ch2 MIPS ISA'!$B$4:$B$73,$B21)+COUNTIF('4 Ch3 Arithmetic'!$B$4:$B$34,$B21) | D21: =COUNTIFS('1 Ch1 Performance'!$B$4:$B$30,$B21,'1 Ch1 Performance'!$N$4:$N$30,TRUE())+COUNTIFS('2 ALU Design'!$B$4:$B$14,$B21,'2 ALU Design'!$N$4:$N$14,TRUE())+COUNTIFS('3 Ch2 MIPS ISA'!$B$4:$B$73,$B21,'3 Ch2 MIPS ISA'!$N$4:$N$73,TRUE())+COUNTIFS('4 Ch3 Arithmetic'!$B$4:$B$34,$B21,'4 Ch3 Arithmetic'!$N$4:$N$34,TRUE()) | E21: =IF(C21=0,0,D21/C21) | F21: =SUMIF('1 Ch1 Performance'!$B$4:$B$30,$B21,'1 Ch1 Performance'!$H$4:$H$30)+SUMIF('2 ALU Design'!$B$4:$B$14,$B21,'2 ALU Design'!$H$4:$H$14)+SUMIF('3 Ch2 MIPS ISA'!$B$4:$B$73,$B21,'3 Ch2 MIPS ISA'!$H$4:$H$73)+SUMIF('4 Ch3 Arithmetic'!$B$4:$B$34,$B21,'4 Ch3 Arithmetic'!$H$4:$H$34)
A22: 10 | B22: 2014-15 | C22: =COUNTIF('1 Ch1 Performance'!$B$4:$B$30,$B22)+COUNTIF('2 ALU Design'!$B$4:$B$14,$B22)+COUNTIF('3 Ch2 MIPS ISA'!$B$4:$B$73,$B22)+COUNTIF('4 Ch3 Arithmetic'!$B$4:$B$34,$B22) | D22: =COUNTIFS('1 Ch1 Performance'!$B$4:$B$30,$B22,'1 Ch1 Performance'!$N$4:$N$30,TRUE())+COUNTIFS('2 ALU Design'!$B$4:$B$14,$B22,'2 ALU Design'!$N$4:$N$14,TRUE())+COUNTIFS('3 Ch2 MIPS ISA'!$B$4:$B$73,$B22,'3 Ch2 MIPS ISA'!$N$4:$N$73,TRUE())+COUNTIFS('4 Ch3 Arithmetic'!$B$4:$B$34,$B22,'4 Ch3 Arithmetic'!$N$4:$N$34,TRUE()) | E22: =IF(C22=0,0,D22/C22) | F22: =SUMIF('1 Ch1 Performance'!$B$4:$B$30,$B22,'1 Ch1 Performance'!$H$4:$H$30)+SUMIF('2 ALU Design'!$B$4:$B$14,$B22,'2 ALU Design'!$H$4:$H$14)+SUMIF('3 Ch2 MIPS ISA'!$B$4:$B$73,$B22,'3 Ch2 MIPS ISA'!$H$4:$H$73)+SUMIF('4 Ch3 Arithmetic'!$B$4:$B$34,$B22,'4 Ch3 Arithmetic'!$H$4:$H$34)
A23: 11 | B23: 2013-14 | C23: =COUNTIF('1 Ch1 Performance'!$B$4:$B$30,$B23)+COUNTIF('2 ALU Design'!$B$4:$B$14,$B23)+COUNTIF('3 Ch2 MIPS ISA'!$B$4:$B$73,$B23)+COUNTIF('4 Ch3 Arithmetic'!$B$4:$B$34,$B23) | D23: =COUNTIFS('1 Ch1 Performance'!$B$4:$B$30,$B23,'1 Ch1 Performance'!$N$4:$N$30,TRUE())+COUNTIFS('2 ALU Design'!$B$4:$B$14,$B23,'2 ALU Design'!$N$4:$N$14,TRUE())+COUNTIFS('3 Ch2 MIPS ISA'!$B$4:$B$73,$B23,'3 Ch2 MIPS ISA'!$N$4:$N$73,TRUE())+COUNTIFS('4 Ch3 Arithmetic'!$B$4:$B$34,$B23,'4 Ch3 Arithmetic'!$N$4:$N$34,TRUE()) | E23: =IF(C23=0,0,D23/C23) | F23: =SUMIF('1 Ch1 Performance'!$B$4:$B$30,$B23,'1 Ch1 Performance'!$H$4:$H$30)+SUMIF('2 ALU Design'!$B$4:$B$14,$B23,'2 ALU Design'!$H$4:$H$14)+SUMIF('3 Ch2 MIPS ISA'!$B$4:$B$73,$B23,'3 Ch2 MIPS ISA'!$H$4:$H$73)+SUMIF('4 Ch3 Arithmetic'!$B$4:$B$34,$B23,'4 Ch3 Arithmetic'!$H$4:$H$34)
A24: 12 | B24: 2012-13 | C24: =COUNTIF('1 Ch1 Performance'!$B$4:$B$30,$B24)+COUNTIF('2 ALU Design'!$B$4:$B$14,$B24)+COUNTIF('3 Ch2 MIPS ISA'!$B$4:$B$73,$B24)+COUNTIF('4 Ch3 Arithmetic'!$B$4:$B$34,$B24) | D24: =COUNTIFS('1 Ch1 Performance'!$B$4:$B$30,$B24,'1 Ch1 Performance'!$N$4:$N$30,TRUE())+COUNTIFS('2 ALU Design'!$B$4:$B$14,$B24,'2 ALU Design'!$N$4:$N$14,TRUE())+COUNTIFS('3 Ch2 MIPS ISA'!$B$4:$B$73,$B24,'3 Ch2 MIPS ISA'!$N$4:$N$73,TRUE())+COUNTIFS('4 Ch3 Arithmetic'!$B$4:$B$34,$B24,'4 Ch3 Arithmetic'!$N$4:$N$34,TRUE()) | E24: =IF(C24=0,0,D24/C24) | F24: =SUMIF('1 Ch1 Performance'!$B$4:$B$30,$B24,'1 Ch1 Performance'!$H$4:$H$30)+SUMIF('2 ALU Design'!$B$4:$B$14,$B24,'2 ALU Design'!$H$4:$H$14)+SUMIF('3 Ch2 MIPS ISA'!$B$4:$B$73,$B24,'3 Ch2 MIPS ISA'!$H$4:$H$73)+SUMIF('4 Ch3 Arithmetic'!$B$4:$B$34,$B24,'4 Ch3 Arithmetic'!$H$4:$H$34)
A25: 13 | B25: 2011-12 | C25: =COUNTIF('1 Ch1 Performance'!$B$4:$B$30,$B25)+COUNTIF('2 ALU Design'!$B$4:$B$14,$B25)+COUNTIF('3 Ch2 MIPS ISA'!$B$4:$B$73,$B25)+COUNTIF('4 Ch3 Arithmetic'!$B$4:$B$34,$B25) | D25: =COUNTIFS('1 Ch1 Performance'!$B$4:$B$30,$B25,'1 Ch1 Performance'!$N$4:$N$30,TRUE())+COUNTIFS('2 ALU Design'!$B$4:$B$14,$B25,'2 ALU Design'!$N$4:$N$14,TRUE())+COUNTIFS('3 Ch2 MIPS ISA'!$B$4:$B$73,$B25,'3 Ch2 MIPS ISA'!$N$4:$N$73,TRUE())+COUNTIFS('4 Ch3 Arithmetic'!$B$4:$B$34,$B25,'4 Ch3 Arithmetic'!$N$4:$N$34,TRUE()) | E25: =IF(C25=0,0,D25/C25) | F25: =SUMIF('1 Ch1 Performance'!$B$4:$B$30,$B25,'1 Ch1 Performance'!$H$4:$H$30)+SUMIF('2 ALU Design'!$B$4:$B$14,$B25,'2 ALU Design'!$H$4:$H$14)+SUMIF('3 Ch2 MIPS ISA'!$B$4:$B$73,$B25,'3 Ch2 MIPS ISA'!$H$4:$H$73)+SUMIF('4 Ch3 Arithmetic'!$B$4:$B$34,$B25,'4 Ch3 Arithmetic'!$H$4:$H$34)
B26: Shaded years = ★★★ High priority (2019-20 onward).
B27: 'CSE 209 (22 batch).pdf' is identical to TF209 pp. 1–7 (2023-24); 'All Merged Questions.pdf' = TF209 pp. 8–87.
B28: Outside Notes rows marked 'solved in Ch3 notes L23' / 'Ch1 notes L4' have full textbook solutions in the notes.
B29: 2022-23 11(b) and 12(c) are shared with the RS tracker (jal and j-reach parts are there).

Sheet 1 Ch1 Performance
A1: Chapter 1 — Abstractions, Technology & Performance
A2: Note file: CSE209_ART_Ch1_Performance_Notes.docx · Solve after finishing the matching lesson. Filter Priority → ★★★ High first.
A3: Q No. | B3: Year | C3: Course | D3: Ques No. | E3: Short Question | F3: Topic (slide PDF · slides) | G3: Lesson | H3: Marks | I3: TF Page | J3: Priority | K3: Type | L3: In Notes | M3: Same Type Also In | N3: Done | O3: Confidence | P3: Date | Q3: My Notes
A4: 1 | B4: 2020-21 | C4: CSE 305 | D4: 10(a) | E4: Briefly explain the eight great ideas in computer architecture | F4: Abstraction, components, great ideas — Ch1, sl. 1–13 | G4: L1 | H4: 12 | I4: 30 | J4: ★★★ High | K4: Theory | L4: ✔ Solved | M4: — | N4: FALSE
A5: 2 | B5: 2011-12 | C5: CSE 305 | D5: 1(a) | E5: Components of a computer and the task of each | F5: Abstraction, components, great ideas — Ch1, sl. 1–13 | G5: L1 | H5: 7.5 | I5: 84 | J5: ★ Low | K5: Theory | L5: ✔ Solved | M5: — | N5: FALSE
A6: 3 | B6: 2023-24 | C6: CSE 209 | D6: 6(a) | E6: A: 4 GHz, 10 s; B must run in 6 s but needs 1.2× the clock cycles — target clock rate of B? | F6: Response time, throughput, CPU time — Ch1, sl. 14–20 | G6: L2 | H6: 13 | I6: 6 | J6: ★★★ High | K6: Numerical | L6: ✔ Solved | M6: 2015-16 1(a) | N6: FALSE
A7: 4 | B7: 2022-23 | C7: CSE 305 | D7: 7(a) | E7: Define response time and throughput. Are they synonymous? | F7: Response time, throughput, CPU time — Ch1, sl. 14–20 | G7: L2 | H7: 5 | I7: 19 | J7: ★★★ High | K7: Theory | L7: ✔ Solved | M7: 2013-14 5(a) | N7: FALSE
A8: 5 | B8: 2015-16 | C8: CSE 305 | D8: 1(a) | E8: P1 3 GHz CPI 1.5, P2 2.5 GHz CPI 1.0, P3 4 GHz CPI 2.2: highest IPS; cycles & instr in 10 s; clock for −30 % time with +20 % CPI | F8: Response time, throughput, CPU time — Ch1, sl. 14–20 | G8: L2 | H8: 10 | I8: 63 | J8: ★★ Medium | K8: Numerical | L8: ✔ Solved | M8: 2023-24 6(a) | N8: FALSE
A9: 6 | B9: 2013-14 | C9: CSE 305 | D9: 5(a) | E9: What is Moore's law? Response time and throughput | F9: Response time, throughput, CPU time — Ch1, sl. 14–20 | G9: L2 | H9: 6 | I9: 75 | J9: ★★ Medium | K9: Theory | L9: ✔ Solved | M9: 2022-23 7(a) (CSE 305) | N9: FALSE
A10: 7 | B10: 2022-23 | C10: CSE 305 | D10: 6(d) | E10: P1 2.7 GHz (CPI 2,1,3,2) vs P2 3.2 GHz (2,3,2,3), 1.2×10⁶ instr 20/25/40/15 %: cycles, faster, max gain if 40 % improved | F10: CPI, instruction mix, performance equation — Ch1, sl. 21–25 | G10: L3 | H10: 15 | I10: 19 | J10: ★★★ High | K10: Numerical | L10: ✔ Solved | M10: 2021-22 8(a); 2020-21 12(a); 2019-20 1(a); 2018-19 7(b); 2017-18 5(a); 2016-17 5(c); … | N10: FALSE
A11: 8 | B11: 2021-22 | C11: CSE 305 | D11: 8(a) | E11: P1 2.7 GHz (CPI 3,3,2) vs P2 3.5 GHz (2,4,1), 200,000 instr 25/60/15 %: cycles, time, CPI of C for 2× | F11: CPI, instruction mix, performance equation — Ch1, sl. 21–25 | G11: L3 | H11: 11 | I11: 25 | J11: ★★★ High | K11: Numerical | L11: ✔ Solved | M11: 2022-23 6(d) (CSE 305); 2020-21 12(a); 2019-20 1(a); 2018-19 7(b); 2017-18 5(a); 2016-17 5(c); … | N11: FALSE
A12: 9 | B12: 2020-21 | C12: CSE 305 | D12: 12(a) | E12: Programs A and B (mult/add/sub/div CPI 3/1/2/4): which has the higher average CPI? | F12: CPI, instruction mix, performance equation — Ch1, sl. 21–25 | G12: L3 | H12: 8 | I12: 33 | J12: ★★★ High | K12: Numerical | L12: ✔ Solved | M12: 2022-23 6(d) (CSE 305); 2021-22 8(a); 2019-20 1(a); 2018-19 7(b); 2017-18 5(a); 2016-17 5(c); … | N12: FALSE
A13: 10 | B13: 2019-20 | C13: CSE 305 | D13: 1(a) | E13: Logs of systems A (2 GHz) and B (2.5 GHz): compare performance on Program 1 | F13: CPI, instruction mix, performance equation — Ch1, sl. 21–25 | G13: L3 | H13: 15 | I13: 36 | J13: ★★★ High | K13: Numerical | L13: ✔ Solved | M13: 2022-23 6(d) (CSE 305); 2021-22 8(a); 2020-21 12(a); 2018-19 7(b); 2017-18 5(a); 2016-17 5(c); … | N13: FALSE
A14: 11 | B14: 2018-19 | C14: CSE 305 | D14: 7(b) | E14: 4 GHz, FP/INT/LS/BR = 160/110/10/16 M, CPI 2/1/5/2: time; FP or LS CPI for 2×; ±15 %/−20 % change | F14: CPI, instruction mix, performance equation — Ch1, sl. 21–25 | G14: L3 | H14: 20 | I14: 45–46 | J14: ★★ Medium | K14: Numerical | L14: ✔ Solved | M14: 2022-23 6(d) (CSE 305); 2021-22 8(a); 2020-21 12(a); 2019-20 1(a); 2017-18 5(a); 2016-17 5(c); … | N14: FALSE
A15: 12 | B15: 2017-18 | C15: CSE 305 | D15: 5(a) | E15: Classes A/B/C CPI 1.2/2/2.5; P1 (40,10,16) vs P2 (12,13,40): faster by how much; CPI of B for P1 2× | F15: CPI, instruction mix, performance equation — Ch1, sl. 21–25 | G15: L3 | H15: 15 | I15: 51–52 | J15: ★★ Medium | K15: Numerical | L15: ✔ Solved | M15: 2022-23 6(d) (CSE 305); 2021-22 8(a); 2020-21 12(a); 2019-20 1(a); 2018-19 7(b); 2016-17 5(c); … | N15: FALSE
... A30: 27 | B30: 2011-12 | C30: CSE 305 | D30: 1(e) | E30: Problems with measuring performance in MIPS | F30: Amdahl's law, MIPS/FLOPS pitfall — Ch1, sl. 26–28 | G30: L4 | H30: 4.5 | I30: 84 | J30: ★★ Medium | K30: Theory | L30: ✔ Solved | M30: 2021-22 7(b); 2015-16 2(a); 2013-14 5(d) | N30: FALSE

Sheet 2 ALU Design
A1: ALU Design (Mano ch. 9)
A2: Note file: CSE209_ART_ALU_Design_Notes.docx · Solve after finishing the matching lesson. Filter Priority → ★★★ High first.
A3: Q No. | B3: Year | C3: Course | D3: Ques No. | E3: Short Question | F3: Topic (slide PDF · slides) | G3: Lesson | H3: Marks | I3: TF Page | J3: Priority | K3: Type | L3: In Notes | M3: Same Type Also In | N3: Done | O3: Confidence | P3: Date | Q3: My Notes
A4: 1 | B4: 2017-18 | C4: CSE 305 | D4: 6(b) | E4: For each arithmetic operation of 6(a): when is the output carry 1? | F4: Arithmetic circuit, output carry — ALU, sl. 6–11 | G4: L6 | H4: 10 | I4: 52 | J4: ★ Low | K4: Theory | L4: ✔ Solved | M4: — | N4: FALSE
A5: 2 | B5: 2023-24 | C5: CSE 209 | D5: 5(b) | E5: 4-bit ALU: Xi, Yi, Zi for A−B−1, A+B+1, transfer A, decrement A, A OR B, A' | F5: X/Y/Z arithmetic-unit design — ALU, sl. 12–14 | G5: L7 | H5: 15 | I5: 5 | J5: ★★★ High | K5: Design | L5: ✔ Solved | M5: 2022-23 11(d) (CSE 209); 2022-23 5(b) (CSE 305); 2020-21 10(b); 2019-20 2(a) | N5: FALSE
A6: 3 | B6: 2022-23 | C6: CSE 209 | D6: 11(d) | E6: 4-bit ALU Xi, Yi, Zi for −A−B−2, B + A' (1's comp of A to B), A+B, A−B, AND, XOR | F6: X/Y/Z arithmetic-unit design — ALU, sl. 12–14 | G6: L7 | H6: 10 | I6: 13 | J6: ★★★ High | K6: Design | L6: ✔ Solved | M6: 2023-24 5(b); 2022-23 5(b) (CSE 305); 2020-21 10(b); 2019-20 2(a) | N6: FALSE
A7: 4 | B7: 2022-23 | C7: CSE 305 | D7: 5(b) | E7: 4-bit ALU with parallel SUBTRACTORS only: A−B, A+B, −A−B−2, B−A, XOR, AND | F7: X/Y/Z arithmetic-unit design — ALU, sl. 12–14 | G7: L7 | H7: 14 | I7: 18 | J7: ★★★ High | K7: Design | L7: ✔ Solved | M7: 2023-24 5(b); 2022-23 11(d) (CSE 209); 2020-21 10(b); 2019-20 2(a) | N7: FALSE
A8: 5 | B8: 2020-21 | C8: CSE 305 | D8: 10(b) | E8: 4-bit ALU (S3–S0), 12 functions incl. A−1, A+B+1, A−B−1, A', AB', XNOR, OR: Xi, Yi, Zi with least gates | F8: X/Y/Z arithmetic-unit design — ALU, sl. 12–14 | G8: L7 | H8: 18 | I8: 30–31 | J8: ★★★ High | K8: Design | L8: ✔ Solved | M8: 2023-24 5(b); 2022-23 11(d) (CSE 209); 2022-23 5(b) (CSE 305); 2019-20 2(a) | N8: FALSE
A9: 6 | B9: 2019-20 | C9: CSE 305 | D9: 2(a) | E9: 4-bit ALU (S3–S0): A', A'+1, A'+B, A'+B+1, A'−B−1, A'−B, A'−1, NAND, XNOR, XOR, OR — Xi, Yi, Zi, least gates | F9: X/Y/Z arithmetic-unit design — ALU, sl. 12–14 | G9: L7 | H9: 20 | I9: 36–37 | J9: ★★★ High | K9: Design | L9: ✔ Solved | M9: 2023-24 5(b); 2022-23 11(d) (CSE 209); 2022-23 5(b) (CSE 305); 2020-21 10(b) | N9: FALSE
A10: 7 | B10: 2018-19 | C10: CSE 305 | D10: 5(d) | E10: 4-bit ALU: add, transfer A, A+B', increment A, XOR, NOT, AND, OR — one typical stage | F10: Logic circuit, complete ALU — ALU, sl. 15–20 | G10: L8 | H10: 10 | I10: 44–45 | J10: ★★ Medium | K10: Design | L10: ✔ Solved | M10: 2017-18 6(a) | N10: FALSE
A11: 8 | B11: 2017-18 | C11: CSE 305 | D11: 6(a) | E11: 4-bit ALU: add, transfer A, decrement A, A+B', XOR, AND, NOT, OR — one typical stage | F11: Logic circuit, complete ALU — ALU, sl. 15–20 | G11: L8 | H11: 25 | I11: 52 | J11: ★★ Medium | K11: Design | L11: ✔ Solved | M11: 2018-19 5(d) | N11: FALSE
A12: 9 | B12: 2022-23 | C12: CSE 209 | D12: 11(a) | E12: Why is the overflow bit V computed by XOR-ing the last two carry bits? | F12: Status register, overflow, comparators — ALU, sl. 21–22 | G12: L9 | H12: 7 | I12: 13 | J12: ★★★ High | K12: Theory | L12: ✔ Solved | M12: — | N12: FALSE
A13: 10 | B13: 2020-21 | C13: CSE 305 | D13: 12(d) | E13: Status module (V Z S C of A−B): circuit that decides A > B, A = B, A < B | F13: Status register, overflow, comparators — ALU, sl. 21–22 | G13: L9 | H13: 8 | I13: 34 | J13: ★★★ High | K13: Design | L13: ✔ Solved | M13: 2019-20 2(b) | N13: FALSE
A14: 11 | B14: 2019-20 | C14: CSE 305 | D14: 2(b) | E14: Circuit with status-generator modules + gates for F = ((A>=B && C!=D) || X==0) | F14: Status register, overflow, comparators — ALU, sl. 21–22 | G14: L9 | H14: 15 | I14: 37 | J14: ★★★ High | K14: Design | L14: ✔ Solved | M14: 2020-21 12(d) | N14: FALSE

Sheet 3 Ch2 MIPS ISA
A1: Chapter 2 — Instructions: Language of the Computer
A2: Note file: CSE209_ART_Ch2_MIPS_ISA_Notes.docx · Solve after finishing the matching lesson. Filter Priority → ★★★ High first.
A3: Q No. | B3: Year | C3: Course | D3: Ques No. | E3: Short Question | F3: Topic (slide PDF · slides) | G3: Lesson | H3: Marks | I3: TF Page | J3: Priority | K3: Type | L3: In Notes | M3: Same Type Also In | N3: Done | O3: Confidence | P3: Date | Q3: My Notes
A4: 1 | B4: 2022-23 | C4: CSE 305 | D4: 7(b) | E4: Program uses 40 variables, MIPS has 32 registers — what does the compiler do? | F4: Operands, design principles — Ch2, sl. 2–13 | G4: L10 | H4: 7 | I4: 19 | J4: ★★★ High | K4: Theory | L4: ✔ Solved | M4: — | N4: FALSE
A5: 2 | B5: 2021-22 | C5: CSE 305 | D5: 5(a) | E5: Which design principle is behind each of five MIPS features (16-bit branch offset, 32 registers, …)? | F5: Operands, design principles — Ch2, sl. 2–13 | G5: L10 | H5: 15 | I5: 23 | J5: ★★★ High | K5: Theory | L5: ✔ Solved | M5: 2020-21 11(d); 2019-20 3(c); 2016-17 6(c); 2013-14 6(a); 2011-12 2(a) | N5: FALSE
A6: 3 | B6: 2019-20 | C6: CSE 305 | D6: 3(c) | E6: Why do MIPS arithmetic instructions demand three operands? Why only 32 registers? | F6: Operands, design principles — Ch2, sl. 2–13 | G6: L10 | H6: 8 | I6: 38 | J6: ★★★ High | K6: Theory | L6: ✔ Solved | M6: 2021-22 5(a); 2020-21 11(d); 2016-17 6(c); 2013-14 6(a); 2011-12 2(a) | N6: FALSE
A7: 4 | B7: 2016-17 | C7: CSE 305 | D7: 6(c) | E7: Which design principle behind: 16-bit immediates, 3 register operands, PC-relative branches, 32 registers, fixed register fields | F7: Operands, design principles — Ch2, sl. 2–13 | G7: L10 | H7: 15 | I7: 58–59 | J7: ★★ Medium | K7: Theory | L7: ✔ Solved | M7: 2021-22 5(a); 2020-21 11(d); 2019-20 3(c); 2013-14 6(a); 2011-12 2(a) | N7: FALSE
A8: 5 | B8: 2013-14 | C8: CSE 305 | D8: 6(a) | E8: Four MIPS design principles; steps for starting a Java application | F8: Operands, design principles — Ch2, sl. 2–13 | G8: L10 | H8: 8 | I8: 75 | J8: ★★ Medium | K8: Theory | L8: ✔ Solved | M8: 2021-22 5(a); 2020-21 11(d); 2019-20 3(c); 2016-17 6(c); 2011-12 2(a) | N8: FALSE
A9: 6 | B9: 2011-12 | C9: CSE 305 | D9: 2(a) | E9: MIPS design principles; one use of each in the MIPS ISA | F9: Operands, design principles — Ch2, sl. 2–13 | G9: L10 | H9: 8 | I9: 84 | J9: ★★ Medium | K9: Theory | L9: ✔ Solved | M9: 2021-22 5(a); 2020-21 11(d); 2019-20 3(c); 2016-17 6(c); 2013-14 6(a) | N9: FALSE
A10: 7 | B10: 2023-24 | C10: CSE 209 | D10: 5(a)(ii) | E10: MIPS-v22 (opcode|rt|rd|rs|shamt|funct): encode add $t0,$t1,$t2; addi $t2,$t0,1; lw $t1,4($t0) in binary | F10: Signed numbers, encoding — Ch2, sl. 14–23 | G10: L11 | H10: 10 | I10: 5 | J10: ★★★ High | K10: Numerical | L10: ✔ Solved | M10: 2013-14 6(b) | N10: FALSE
A11: 8 | B11: 2020-21 | C11: CSE 305 | D11: 11(d) | E11: Illustrate how MIPS follows 'Good design demands good compromises' | F11: Signed numbers, encoding — Ch2, sl. 14–23 | G11: L11 | H11: 5 | I11: 33 | J11: ★★★ High | K11: Theory | L11: ✔ Solved | M11: 2021-22 5(a); 2019-20 3(c); 2016-17 6(c); 2013-14 6(a); 2011-12 2(a) | N11: FALSE
A12: 9 | B12: 2018-19 | C12: CSE 305 | D12: 6(c) | E12: How many MIPS instruction formats? Name and field lengths | F12: Signed numbers, encoding — Ch2, sl. 14–23 | G12: L11 | H12: 5 | I12: 45 | J12: ★★ Medium | K12: Theory | L12: ✔ Solved | M12: 2017-18 8(c) | N12: FALSE
A13: 10 | B13: 2017-18 | C13: CSE 305 | D13: 8(c) | E13: How many MIPS instruction formats? Name and field lengths | F13: Signed numbers, encoding — Ch2, sl. 14–23 | G13: L11 | H13: 10 | I13: 53 | J13: ★★ Medium | K13: Theory | L13: ✔ Solved | M13: 2018-19 6(c) | N13: FALSE
A14: 11 | B14: 2013-14 | C14: CSE 305 | D14: 6(b) | E14: MIPS code and machine code for A[3] = A[1] − A[2] (base in $s0) | F14: Signed numbers, encoding — Ch2, sl. 14–23 | G14: L11 | H14: 12 | I14: 75 | J14: ★★ Medium | K14: Numerical | L14: ✔ Solved | M14: 2023-24 5(a)(ii) | N14: FALSE
A15: 12 | B15: 2023-24 | C15: CSE 209 | D15: 6(b) | E15: MIPS code for do { if ((a<<2) > b) {a += 2; b += a;} else {a += c; b += c;} } while (a < N) | F15: Logical ops, decisions, loops — Ch2, sl. 24–35 | G15: L12 | H15: 13 | I15: 6 | J15: ★★★ High | K15: Design | L15: ✔ Solved | M15: 2020-21 11(c) | N15: FALSE
A16: 13 | B16: 2022-23 | C16: CSE 209 | D16: 11(b) NOT part | E16: How is the NOT operation performed in MIPS? (jal-vs-j part is in the RS tracker; marks shared) | F16: Logical ops, decisions, loops — Ch2, sl. 24–35 | G16: L12 | I16: 13 | J16: ★★★ High | K16: Theory | L16: ✔ Solved | M16: — | N16: FALSE
A17: 14 | B17: 2020-21 | C17: CSE 305 | D17: 11(c) | E17: Efficient MIPS for testFunc(a,b,c): do { if (i>b) result += c; i++; } while (i<a) | F17: Logical ops, decisions, loops — Ch2, sl. 24–35 | G17: L12 | H17: 12 | I17: 33 | J17: ★★★ High | K17: Design | L17: ✔ Solved | M17: 2023-24 6(b) | N17: FALSE
A18: 15 | B18: 2014-15 | C18: CSE 305 | D18: 7(b) | E18: Why no blt/bge in MIPS? Program them with MIPS instructions | F18: Logical ops, decisions, loops — Ch2, sl. 24–35 | G18: L12 | H18: 10 | I18: 72 | J18: ★ Low | K18: Theory | L18: ✔ Solved | M18: — | N18: FALSE
A19: 16 | B19: 2022-23 | C19: CSE 305 | D19: 7(c) | E19: MIPS for int f(a,b,c,d){ return func(func(a,b), c+d); } | F19: Procedures, stack, recursion — Ch2, sl. 36–45 | G19: L13 | H19: 8 | I19: 19 | J19: ★★★ High | K19: Design | L19: ✔ Solved | M19: 2017-18 7(a); 2015-16 5(a) | N19: FALSE
A20: 17 | B20: 2022-23 | C20: CSE 209 | D20: 9(c) | E20: MIPS for int fun(a,b){ if(b==0) return 0; else if(b/2==0) return fun(a*4,b/8); return fun(a+a,b/4)+a; } | F20: Procedures, stack, recursion — Ch2, sl. 36–45 | G20: L13 | H20: 10 | I20: 12 | J20: ★★★ High | K20: Design | L20: ✔ Solved | M20: 2021-22 6(a); 2018-19 8(a); 2014-15 6(a); 2013-14 6(c) | N20: FALSE
A21: 18 | B21: 2021-22 | C21: CSE 305 | D21: 6(a) | E21: MIPS for recursive fib(n) | F21: Procedures, stack, recursion — Ch2, sl. 36–45 | G21: L13 | H21: 15 | I21: 24 | J21: ★★★ High | K21: Design | L21: ✔ Solved | M21: 2022-23 9(c) (CSE 209); 2018-19 8(a); 2014-15 6(a); 2013-14 6(c) | N21: FALSE
A22: 19 | B22: 2018-19 | C22: CSE 305 | D22: 8(a) | E22: MIPS for recursive fun(a,b) computing a^b (b%2 test, fun(a*a,b/2)*a) | F22: Procedures, stack, recursion — Ch2, sl. 36–45 | G22: L13 | H22: 20 | I22: 46 | J22: ★★ Medium | K22: Design | L22: ✔ Solved | M22: 2022-23 9(c) (CSE 209); 2021-22 6(a); 2014-15 6(a); 2013-14 6(c) | N22: FALSE
A23: 20 | B23: 2017-18 | C23: CSE 305 | D23: 7(a) | E23: MIPS for swap(v,k) and sort(v,n) (insertion-style nested loops) | F23: Procedures, stack, recursion — Ch2, sl. 36–45 | G23: L13 | H23: 25 | I23: 53 | J23: ★★ Medium | K23: Design | L23: ✔ Solved | M23: 2022-23 7(c) (CSE 305); 2015-16 5(a) | N23: FALSE
A24: 21 | B24: 2014-15 | C24: CSE 305 | D24: 6(a) | E24: Complete the MIPS code of recurseSum(n) (fill the blanks) | F24: Procedures, stack, recursion — Ch2, sl. 36–45 | G24: L13 | H24: 15 | I24: 71 | J24: ★★ Medium | K24: Design | L24: ✔ Solved | M24: 2022-23 9(c) (CSE 209); 2021-22 6(a); 2018-19 8(a); 2013-14 6(c) | N24: FALSE
A25: 22 | B25: 2013-14 | C25: CSE 305 | D25: 6(c) | E25: MIPS for int sum(int n){ if (n<=0) return 0; else return n + sum(n−1); } | F25: Procedures, stack, recursion — Ch2, sl. 36–45 | G25: L13 | H25: 12 | I25: 76 | J25: ★★ Medium | K25: Design | L25: ✔ Solved | M25: 2022-23 9(c) (CSE 209); 2021-22 6(a); 2018-19 8(a); 2014-15 6(a) | N25: FALSE
A26: 23 | B26: 2012-13 | C26: CSE 305 | D26: 1(a) | E26: Jump address table: implement case/switch with it (example) | F26: Procedures, stack, recursion — Ch2, sl. 36–45 | G26: L13 | H26: 15 | I26: 78 | J26: ★ Low | K26: Design | L26: ✔ Solved | M26: — | N26: FALSE
A27: 24 | B27: 2011-12 | C27: CSE 305 | D27: 2(b) | E27: Instructions and registers used in a MIPS procedure call and their purpose | F27: Procedures, stack, recursion — Ch2, sl. 36–45 | G27: L13 | H27: 7.5 | I27: 84 | J27: ★ Low | K27: Theory | L27: ✔ Solved | M27: — | N27: FALSE
A28: 25 | B28: 2022-23 | C28: CSE 305 | D28: 5(a) | E28: Rachel adds lh, lhu, sh, shu for multi-language support; Ross says not all are needed — agree? | F28: Bytes, strings, 32-bit constants — Ch2, sl. 46–50 | G28: L14 | H28: 7 | I28: 18 | J28: ★★★ High | K28: Theory | L28: ✔ Solved | M28: — | N28: FALSE
... A73: 70 | B73: 2011-12 | C73: CSE 305 | D73: 2(e) | E73: Three examples of the complexity of IA-32 | F73: Linking, loading, JIT, RISC vs CISC — Ch2, sl. 58–69 | G73: L18 | H73: 6 | I73: 84 | J73: ★★ Medium | K73: Theory | L73: ◐ Method | M73: 2020-21 13(d); 2016-17 4(c); 2014-15 1(c) | N73: FALSE

Sheet 4 Ch3 Arithmetic
A1: Chapter 3 — Arithmetic for Computers
A2: Note file: CSE209_ART_Ch3_Arithmetic_Notes.docx · Solve after finishing the matching lesson. Filter Priority → ★★★ High first.
A3: Q No. | B3: Year | C3: Course | D3: Ques No. | E3: Short Question | F3: Topic (slide PDF · slides) | G3: Lesson | H3: Marks | I3: TF Page | J3: Priority | K3: Type | L3: In Notes | M3: Same Type Also In | N3: Done | O3: Confidence | P3: Date | Q3: My Notes
A4: 1 | B4: 2016-17 | C4: CSE 305 | D4: 8(a) | E4: Overflow conditions in the O/SA/SB/SR table for add/subtract; Boolean function for V | F4: Integer add/sub overflow — Ch3, sl. 2–4 | G4: L19 | H4: 10 | I4: 60 | J4: ★★ Medium | K4: Theory | L4: ✔ Solved | M4: 2014-15 8(a) | N4: FALSE
A5: 2 | B5: 2014-15 | C5: CSE 305 | D5: 8(a) | E5: Overflow conditions in the O/SA/SB/SR table; Boolean function for V | F5: Integer add/sub overflow — Ch3, sl. 2–4 | G5: L19 | H5: 12 | I5: 72 | J5: ★★ Medium | K5: Theory | L5: ✔ Solved | M5: 2016-17 8(a) | N5: FALSE
A6: 3 | B6: 2023-24 | C6: CSE 209 | D6: 7(a) | E6: Multiplication hardware: long-multiplication and parallel add/shift versions (32-bit); simulate 1000 × 1011 on each | F6: Multiplication hardware — Ch3, sl. 5–8 | G6: L20 | H6: 20 | I6: 6 | J6: ★★★ High | K6: Trace | L6: ✔ Solved | M6: 2022-23 4 (CSE 209); 2021-22 6(c); 2019-20 4(b); 2018-19 5(a); 2016-17 8(c); 2014-15 8(b); … | N6: FALSE
A7: 4 | B7: 2022-23 | C7: CSE 209 | D7: 4 | E7: Hardware block diagram + flowchart of the sequential and the refined multiplication algorithm | F7: Multiplication hardware — Ch3, sl. 5–8 | G7: L20 | H7: 15 | I7: 10 | J7: ★★★ High | K7: Design | L7: ✔ Solved | M7: 2023-24 7(a); 2021-22 6(c); 2019-20 4(b); 2018-19 5(a); 2016-17 8(c); 2014-15 8(b); … | N7: FALSE
A8: 5 | B8: 2021-22 | C8: CSE 305 | D8: 6(c) | E8: Block diagram of 32-bit combined multiply/divide hardware with a 32-bit ALU; functions of components | F8: Multiplication hardware — Ch3, sl. 5–8 | G8: L20 | H8: 10 | I8: 24 | J8: ★★★ High | K8: Design | L8: ○ Partly | M8: 2023-24 7(a); 2022-23 4 (CSE 209); 2019-20 4(b); 2018-19 5(a); 2016-17 8(c); 2014-15 8(b); … | N8: FALSE
A9: 6 | B9: 2019-20 | C9: CSE 305 | D9: 4(b) | E9: Why the first multiplier hardware is inefficient; changes; draw the efficient hardware | F9: Multiplication hardware — Ch3, sl. 5–8 | G9: L20 | H9: 12 | I9: 38 | J9: ★★★ High | K9: Design | L9: ✔ Solved | M9: 2023-24 7(a); 2022-23 4 (CSE 209); 2021-22 6(c); 2018-19 5(a); 2016-17 8(c); 2014-15 8(b); … | N9: FALSE
A10: 7 | B10: 2018-19 | C10: CSE 305 | D10: 5(a) | E10: Hardware + flowchart of the sequential multiplication algorithm; flowchart of the refined version | F10: Multiplication hardware — Ch3, sl. 5–8 | G10: L20 | H10: 12 | I10: 44 | J10: ★★ Medium | K10: Design | L10: ✔ Solved | M10: 2023-24 7(a); 2022-23 4 (CSE 209); 2021-22 6(c); 2019-20 4(b); 2016-17 8(c); 2014-15 8(b); … | N10: FALSE
A11: 8 | B11: 2016-17 | C11: CSE 305 | D11: 8(c) | E11: Simulate unsigned multiplication 0110 × 0110 on the refined (shift-right product) hardware | F11: Multiplication hardware — Ch3, sl. 5–8 | G11: L20 | H11: 15 | I11: 61–62 | J11: ★★ Medium | K11: Trace | L11: ✔ Solved | M11: 2023-24 7(a); 2022-23 4 (CSE 209); 2021-22 6(c); 2019-20 4(b); 2018-19 5(a); 2014-15 8(b); … | N11: FALSE
A12: 9 | B12: 2014-15 | C12: CSE 305 | D12: 8(b) | E12: Flowchart of the sequential multiplication; draw the register-optimized refined hardware | F12: Multiplication hardware — Ch3, sl. 5–8 | G12: L20 | H12: 13 | I12: 73 | J12: ★★ Medium | K12: Design | L12: ✔ Solved | M12: 2023-24 7(a); 2022-23 4 (CSE 209); 2021-22 6(c); 2019-20 4(b); 2018-19 5(a); 2016-17 8(c); … | N12: FALSE
A13: 10 | B13: 2013-14 | C13: CSE 305 | D13: 3(c) | E13: Block diagram + flowchart for 32-bit unsigned multiplication with no separate multiplier register | F13: Multiplication hardware — Ch3, sl. 5–8 | G13: L20 | H13: 15 | I13: 74 | J13: ★★ Medium | K13: Design | L13: ✔ Solved | M13: 2023-24 7(a); 2022-23 4 (CSE 209); 2021-22 6(c); 2019-20 4(b); 2018-19 5(a); 2016-17 8(c); … | N13: FALSE
A14: 11 | B14: 2011-12 | C14: CSE 305 | D14: 6(a) | E14: First and refined multiplication hardware; improvement of the refined version | F14: Multiplication hardware — Ch3, sl. 5–8 | G14: L20 | H14: 15 | I14: 86 | J14: ★★ Medium | K14: Design | L14: ✔ Solved | M14: 2023-24 7(a); 2022-23 4 (CSE 209); 2021-22 6(c); 2019-20 4(b); 2018-19 5(a); 2016-17 8(c); … | N14: FALSE
A15: 12 | B15: 2023-24 | C15: CSE 209 | D15: 7(b) | E15: Purpose of a positive bias in IEEE 754; smallest and largest values in single and double precision | F15: IEEE 754 representation — Ch3, sl. 9–16 | G15: L21 | H15: 15 | I15: 6 | J15: ★★★ High | K15: Theory | L15: ✔ Solved | M15: 2018-19 7(c); 2015-16 7(c); 2012-13 8(a) | N15: FALSE
... A34: 31 | B34: 2011-12 | C34: CSE 305 | D34: 5(a) | E34: Flow diagram of FP addition; overflow/underflow conditions | F34: FP addition, FP adder — Ch3, sl. 17–20 | G34: L22 | H34: 10 | I34: 86 | J34: ★★ Medium | K34: Theory | L34: ✔ Solved | M34: 2022-23 1(a) (CSE 209); 2018-19 8(b); 2017-18 5(b); 2016-17 7(b); 2015-16 6(a); 2013-14 3(a) | N34: FALSE

Sheet Outside Notes
A1: ART-section questions on topics NOT in the current slides
A2: Mostly older papers. Ask sir/ma'am whether these topics are in this term's syllabus before practising them.
A3: Q No. | B3: Year | C3: Course | D3: Ques No. | E3: Short Question | F3: Topic Area | G3: Marks | H3: TF Page | I3: Done | J3: My Notes
A4: 1 | B4: 2022-23 | C4: CSE 209 | D4: 1(b) | E4: 6-bit ALU division: dividend 1011 1100 1111, divisor 110101 — registers at each step | F4: Integer division (textbook §3.4, not in short slides) — solved in Ch3 notes L23 | G4: 10 | H4: 8 | I4: FALSE
A5: 2 | B5: 2022-23 | C5: CSE 305 | D5: 8(a) | E5: MIPS FP code: float a,b,c; double w,x,y,z; if (a+b>c) x = (y*z)/w; | F5: MIPS floating-point instructions (textbook §3.5) — solved in Ch3 notes L23 | G5: 7 | H5: 19 | I5: FALSE
A6: 3 | B6: 2021-22 | C6: CSE 305 | D6: 5(c) | E6: How can subword parallelism accelerate matrix multiplication / image processing? | F6: Subword parallelism (textbook §3.6) — short answer in Ch3 notes L23 | G6: 10 | H6: 24 | I6: FALSE
A7: 4 | B7: 2020-21 | C7: CSE 305 | D7: 10(c) | E7: Briefly describe how to perform a signed multiplication | F7: Signed multiplication (textbook §3.3) — answer in Ch3 notes L23 | G7: 5 | H7: 31 | I7: FALSE
A8: 5 | B8: 2020-21 | C8: CSE 305 | D8: 11(a) | E8: SPECBM101: geometric mean 28.74 — find the execution time of Program 1 | F8: SPEC benchmark / geometric mean (textbook §1.10) — method in Ch1 notes L4 | G8: 10 | H8: 32 | I8: FALSE
A9: 6 | B9: 2020-21 | C9: CSE 305 | D9: 11(b) | E9: Processor unit with scratchpad memory: micro-operations for an addition; how to make it one | F9: Processor unit with scratchpad (Mano §9.2 — before the ALU deck's §9.3) | G9: 8 | H9: 32 | I9: FALSE
A10: 7 | B10: 2020-21 | C10: CSE 305 | D10: 12(c) | E10: Importance of guard digit, round digit and sticky bit when rounding | F10: FP rounding: guard/round/sticky (textbook §3.5) — answer in Ch3 notes L23 | G10: 9 | H10: 34 | I10: FALSE
A11: 8 | B11: 2020-21 | C11: CSE 305 | D11: 13(c) | E11: MIPS FP code: float a,b,c; double w,x,y,z; if (a+b>c) x = (y*z)/w; | F11: MIPS floating-point instructions (textbook §3.5) — solved in Ch3 notes L23 | G11: 7 | H11: 35 | I11: FALSE
A12: 9 | B12: 2019-20 | C12: CSE 305 | D12: 4(c) | E12: MIPS FP code (double): if (a>b) c = c−(c*e)/d; else c = c+d; | F12: MIPS floating-point instructions (textbook §3.5) — solved in Ch3 notes L23 | G12: 8 | H12: 38 | I12: FALSE
A13: 10 | B13: 2018-19 | C13: CSE 305 | D13: 6(b) | E13: 4-bit ALU division: dividend 11001001, divisor 1011 — registers at each step | F13: Integer division (textbook §3.4, not in short slides) — solved in Ch3 notes L23 | G13: 15 | H13: 45 | I13: FALSE
A14: 11 | B14: 2017-18 | C14: CSE 305 | D14: 8(a) | E14: 4-bit ALU division: dividend 11010101, divisor 1011 — registers at every step | F14: Integer division (textbook §3.4, not in short slides) — solved in Ch3 notes L23 | G14: 15 | H14: 53 | I14: FALSE
A15: 12 | B15: 2017-18 | C15: CSE 305 | D15: 8(b) | E15: MIPS FP code for float convert(float cels): ferh = 9.0*cels/5.0 + 32.0 | F15: MIPS floating-point instructions (textbook §3.5) — solved in Ch3 notes L23 | G15: 10 | H15: 53 | I15: FALSE
... A21: 18 | B21: 2011-12 | C21: CSE 305 | D21: 1(b) | E21: ISA classes (stack, accumulator, register-memory, load-store) with examples and block diagrams | F21: ISA classes (textbook Appendix — not in slides) | G21: 10 | H21: 84 | I21: FALSE
